Country,Year,"Charges for the use of intellectual property, payments (BoP, current US$)","Charges for the use of intellectual property, receipts (BoP, current US$)",Research and development expenditure (% of GDP),Scientific and technical journal articles,"Patent applications, nonresidents","Patent applications, residents","Trademark applications, direct nonresident",Researchers in R&D (per million people),Technicians in R&D (per million people),"Trademark applications, direct resident",High-technology exports (current US$),High-technology exports (% of manufactured exports),"Population, total (millions)",Human Development Index (HDI),"Literacy rate, adult (% ages 15 and older)",Gross national income (GNI) per capita (2011 PPP$),Life expectancy at birth,Government expenditure on education (% of GDP),Population with at least some secondary education (% ages 25 and older)
India,1960,0,0,0,0,0,0,0,0,0,0,0,0,0,0,0,0,0,0,0
India,1961,0,0,0,0,0,0,0,0,0,0,0,0,0,0,0,0,0,0,0
India,1962,0,0,0,0,0,0,0,0,0,0,0,0,0,0,0,0,0,0,0
India,1963,0,0,0,0,0,0,0,0,0,0,0,0,0,0,0,0,0,0,0
India,1964,0,0,0,0,0,0,0,0,0,0,0,0,0,0,0,0,0,0,0
India,1965,0,0,0,0,0,0,0,0,0,0,0,0,0,0,0,0,0,0,0
India,1966,0,0,0,0,0,0,0,0,0,0,0,0,0,0,0,0,0,0,0
India,1967,0,0,0,0,0,0,0,0,0,0,0,0,0,0,0,0,0,0,0
India,1968,0,0,0,0,0,0,0,0,0,0,0,0,0,0,0,0,0,0,0
India,1969,0,0,0,0,0,0,0,0,0,0,0,0,0,0,0,0,0,0,0
India,1970,0,0,0,0,0,0,0,0,0,0,0,0,0,0,0,0,0,0,0
India,1971,0,0,0,0,0,0,0,0,0,0,0,0,0,0,0,0,0,0,0
India,1972,0,0,0,0,0,0,0,0,0,0,0,0,0,0,0,0,0,0,0
India,1973,0,0,0,0,0,0,0,0,0,0,0,0,0,0,0,0,0,0,0
India,1974,0,0,0,0,0,0,0,0,0,0,0,0,0,0,0,0,0,0,0
India,1975,0,0,0,0,0,0,0,0,0,0,0,0,0,0,0,0,0,0,0
India,1976,17776013.3,111523.9269,0,0,0,0,0,0,0,0,0,0,0,0,0,0,0,0,0
India,1977,23026309.47,113459.9949,0,0,0,0,0,0,0,0,0,0,0,0,0,0,0,0,0
India,1978,13068415.52,0,0,0,0,0,0,0,0,0,0,0,0,0,0,0,0,0,0
India,1979,13496502.35,0,0,0,0,0,0,0,0,0,0,0,0,0,0,0,0,0,0
India,1980,12455736.62,0,0,0,1817,127,0,0,0,0,0,0,0,0,0,0,0,0,0
India,1981,15153361.08,111305.3895,0,0,1834,167,1185,0,0,13212,0,0,0,0,0,0,0,0,0
India,1982,38854328.11,625124.1753,0,0,1948,1128,2141,0,0,1255,0,0,0,0,0,0,0,0,0
India,1983,24571485.05,896690.4899,0,0,0,0,2821,0,0,1349,0,0,0,0,0,0,0,0,0
India,1984,22207099.13,173389.2016,0,0,2291,13,1612,0,0,14694,0,0,0,0,0,0,0,0,0
India,1985,25143719.35,165407.7301,0,0,2493,982,1725,0,0,14189,0,0,0,0,0,0,0,0,0
India,1986,24934650.13,397330.0379,0,0,2497,999,3645,0,0,14165,0,0,0,0,0,0,0,0,0
India,1987,40558650.91,771836.3135,0,0,252,988,3166,0,0,1561,0,0,0,0,0,0,0,0,0
India,1988,108393928.2,1032024.352,0,0,254,133,4523,0,0,1559,0,0,0,0,0,0,0,0,0
India,1989,127039845.2,1292412.288,0,0,26,148,1799,0,0,1747,0,0,0,0,0,0,0,0,0
India,1990,72465533.69,1323398.81,0,0,2673,1147,1968,0,0,18713,0,0,0,0.431,0,1882,57.9,0,0
India,1991,49565207.9,615524.7633,0,0,2328,1267,214,0,0,1998,0,0,0,0.436,0,1859,58.4,0,0
India,1992,68598351.54,731658.9889,0,0,2176,1248,254,0,0,2928,0,0,0,0.442,0,1922,58.9,0,0
India,1993,75336944.71,290980.4537,0,0,2511,129,2862,0,0,24623,0,0,0,0.449,0,1977,59.3,0,0
India,1994,93836422.84,446175.1355,0,0,3212,1588,3418,0,0,33679,0,0,0,0.456,0,2070,59.8,0,0
India,1995,90293739.53,1395550.263,0,0,521,1545,4614,0,0,3819,0,0,0,0.463,0,2188,60.3,0,0
India,1996,118039538.7,6899307.428,0.6395,0,691,1661,0,152.66,11.7741,0,0,0,0,0.471,0,2313,60.8,0,0
India,1997,150485539.5,12414145.52,0.68669,0,8229,1926,0,0,0,0,0,0,0,0.477,0,2364,61.2,0,0
India,1998,200807738.7,19303913.32,0.7379,0,677,2247,0,115.2819,98.73234,0,0,0,0,0.484,0,2465,61.7,0,0
India,1999,315298932.6,22883886.56,0.72413,0,262,226,5393,0,0,6337,0,0,0,0.492,0,2637,62.1,0,0
India,2000,282463092.3,82548708.77,0.75699,2177.72,6332,226,1713,19.7287,85.22344,67262,0,0,0,0.497,0,2683,62.5,0,0
India,2001,317035850.7,37156159.54,0.73591,22947.58,8213,2379,149,0,0,79746,0,0,0,0.502,0,2769,62.9,0,0
India,2002,345233067,20159947.94,0.72567,24853.47,8772,2693,593,0,0,8819,0,0,0,0.508,0,2832,63.3,0,0
India,2003,549887942.1,24088615.69,0.71929,27295.91,9188,3425,1545,0,0,7681,0,0,0,0.521,0,3002,63.7,0,0
India,2004,611481232.4,52796059.57,0.7569,29347.65,13452,414,159,0,0,6396,0,0,0,0.53,0,3189,64.1,0,0
India,2005,671829366.3,205974583.7,0.82411,33516.9,19661,4721,12361,134.91257,92.19858,7338,0,0,0,0.539,0,3387,64.5,0,0
India,2006,845949436,60913260.31,0.8473,38515.35,23242,5686,15211,0,0,8821,0,0,0,0.548,0,3602,64.9,0,0
India,2007,1159824391,163126496.6,0.857,43627.4,28922,6296,65,0,0,11714,0,0,0,0.558,0,3833,65.3,0,0
India,2008,1528826913,147815443.4,0.85876,48998.11,3387,6425,181,0,0,119371,0,0,0,0.565,0,3887,65.8,0,0
India,2009,1860070100,191939516.6,0.83314,54797.65,2725,7262,754,0,0,13443,11347424854,9.61838667,0,0.571,0,4134,66.2,0,0
India,2010,2438302981,127378163.3,0.78849,62436.88,399,8853,1786,156.21967,1.61565,17212,1778725729,7.6732466,1234.3,0.581,0,4403,66.7,3.4,42.1
India,2011,2819291079,302615975.5,0.7552,74142.9,3345,8841,22161,0,0,176386,1454626697,7.765255968,1250.3,0.59,63.9,4584,67.1,3.8,43.7
India,2012,3990055617,321445174,0.74399,8493.3,3442,9553,1487,0,0,17644,13927179245,7.42855457,1265.8,0.6,0,4760,67.5,3.9,45.4
India,2013,3903908830,445568319.5,0.7642,86348.11,32362,1669,19646,0,0,183172,17965366385,8.689127199,1280.8,0.607,0,5001,67.9,3.8,47.1
India,2014,4848711889,658722433,0.7159,96425.77,3814,124,23616,0,0,214,18344917155,9.9662579,1295.6,0.618,0,5315,68.3,0,48.7
India,2015,5009034407,466556838.1,0.6931,11813.8,3379,12579,24237,216.83,95.54919,25585,1461578664,7.9982432,1310.2,0.627,0,5674,68.6,0,48.7
India,2016,5466041710,524879155.1,0.67111,112167.34,31858,13199,31659,0,0,264662,143754797,7.64553185,1324.5,0.637,0,6075,68.9,0,50.4
India,2017,6515405394,659628261,0.66584,121631.31,31621,14961,23687,0,0,242482,1516128362,7.35225954,1338.7,0.643,0,6446,69.2,0,51.6
India,2018,7905957777,784900902.1,0.64998,135787.79,33766,16289,2622,252.7392,73.5997,29775,22739235,9.7948621,1352.6,0.647,0,6829,69.4,0,51.6
India,2019,7889685402,871605164.4,0,0,0,0,0,0,0,0,0,0,0,0,0,0,0,0,0
Brazil,1960,0,0,0,0,0,0,0,0,0,0,0,0,0,0,0,0,0,0,0
Brazil,1961,0,0,0,0,0,0,0,0,0,0,0,0,0,0,0,0,0,0,0
Brazil,1962,0,0,0,0,0,0,0,0,0,0,0,0,0,0,0,0,0,0,0
Brazil,1963,0,0,0,0,0,0,0,0,0,0,0,0,0,0,0,0,0,0,0
Brazil,1964,0,0,0,0,0,0,0,0,0,0,0,0,0,0,0,0,0,0,0
Brazil,1965,0,0,0,0,0,0,0,0,0,0,0,0,0,0,0,0,0,0,0
Brazil,1966,0,0,0,0,0,0,0,0,0,0,0,0,0,0,0,0,0,0,0
Brazil,1967,0,0,0,0,0,0,0,0,0,0,0,0,0,0,0,0,0,0,0
Brazil,1968,0,0,0,0,0,0,0,0,0,0,0,0,0,0,0,0,0,0,0
Brazil,1969,0,0,0,0,0,0,0,0,0,0,0,0,0,0,0,0,0,0,0
Brazil,1970,0,0,0,0,0,0,0,0,0,0,0,0,0,0,0,0,0,0,0
Brazil,1971,0,0,0,0,0,0,0,0,0,0,0,0,0,0,0,0,0,0,0
Brazil,1972,0,0,0,0,0,0,0,0,0,0,0,0,0,0,0,0,0,0,0
Brazil,1973,0,0,0,0,0,0,0,0,0,0,0,0,0,0,0,0,0,0,0
Brazil,1974,0,0,0,0,0,0,0,0,0,0,0,0,0,0,0,0,0,0,0
Brazil,1975,223000000,134000000,0,0,0,0,0,0,0,0,0,0,0,0,0,0,0,0,0
Brazil,1976,263000000,131000000,0,0,0,0,0,0,0,0,0,0,0,0,0,0,0,0,0
Brazil,1977,170000000,127000000,0,0,0,0,0,0,0,0,0,0,0,0,0,0,0,0,0
Brazil,1978,211000000,159000000,0,0,0,0,0,0,0,0,0,0,0,0,0,0,0,0,0
Brazil,1979,36000000,11000000,0,0,0,0,0,0,0,0,0,0,0,0,0,0,0,0,0
Brazil,1980,38000000,12000000,0,0,6228,2149,4279,0,0,42432,0,0,0,0,0,0,0,0,0
Brazil,1981,29000000,19000000,0,0,6113,2171,2995,0,0,29630,0,0,0,0,0,0,0,0,0
Brazil,1982,31000000,15000000,0,0,5562,2116,4117,0,0,27894,0,0,0,0,0,0,0,0,0
Brazil,1983,26000000,11000000,0,0,4900,2302,3492,0,0,24441,0,0,0,0,0,0,0,0,0
Brazil,1984,17000000,11000000,0,0,4657,2062,3135,0,0,28443,0,0,0,0,0,0,0,0,0
Brazil,1985,30000000,7000000,0,0,4565,1954,3691,0,0,49254,0,0,0,0,0,0,0,0,0
Brazil,1986,34000000,4000000,0,0,4413,1855,3971,0,0,72904,0,0,0,0,0,0,0,0,0
Brazil,1987,41000000,5000000,0,0,4702,2451,5119,0,0,99485,0,0,0,0,0,0,0,0,0
Brazil,1988,48000000,6000000,0,0,4546,2338,5137,0,0,76092,0,0,0,0,0,0,0,0,0
Brazil,1989,70000000,12000000,0,0,4657,2323,5337,0,0,63743,0,0,0,0,0,0,0,0,0
Brazil,1990,54000000,12000000,0,0,5148,2389,6111,0,0,57769,0,0,0,0.613,0,10082,66.3,0,0
Brazil,1991,53000000,13000000,0,0,4625,2319,6138,0,0,50621,0,0,0,0.62,0,10089,66.7,0,0
Brazil,1992,55000000,12000000,0,0,4374,2100,6627,0,0,41064,0,0,0,0.626,0,9905,67.1,0,0
Brazil,1993,121000000,34000000,0,0,4221,2429,7236,0,0,55257,0,0,0,0.634,0,10142,67.5,0,0
Brazil,1994,239000000,19000000,0,0,4228,2269,8599,0,0,48742,0,0,0,0.642,0,10368,67.9,0,0
Brazil,1995,529000000,32000000,0,0,4741,2707,11994,0,0,64822,0,0,0,0.651,0,10901,68.3,0,0
Brazil,1996,797000000,78000000,0,0,5446,2611,12910,0,0,56481,0,0,0,0.657,0,10835,68.7,0,0
Brazil,1997,887000000,97000000,0,0,13479,2756,0,0,0,0,0,0,0,0.664,0,10973,69.1,0,0
Brazil,1998,1075000000,142000000,0,0,13546,2491,17584,0,0,60511,0,0,0,0.67,0,10707,69.4,0,0
Brazil,1999,1283000000,133000000,0,0,14693,2816,17396,0,0,75882,0,0,0,0.675,0,10518,69.8,0,0
Brazil,2000,1414582000,125190000,1.04751,12783.45,14104,3179,21269,295.23457,335.9403,86960,0,0,0,0.684,0,11090,70.1,0,0
Brazil,2001,1244319000,112092000,1.06198,13944.64,14410,3439,16972,337.39902,324.4342,84643,0,0,0,0.691,0,11051,70.5,0,0
Brazil,2002,1228789000,100258000,1.00968,16148.98,13204,3481,13529,398.41199,313.34843,80782,0,0,0,0.698,0,11223,70.8,0,0
Brazil,2003,1227928000,108116000,0.99939,17585.44,12545,3866,13748,423.24525,371.29267,81832,0,0,0,0.694,0,11232,71.2,0,0
Brazil,2004,1196933000,114479000,0.96343,19814.08,12669,4044,13871,483.03027,450.26914,80169,0,0,0,0.697,0,11762,71.5,0,0
Brazil,2005,1404494000,101660000,1.00246,22304.02,14444,4054,16219,509.01507,497.05356,83099,0,0,0,0.7,0,12007,71.9,0,0
Brazil,2006,1663677000,150307000,0.98807,28348.73,15886,3956,18197,543.2361,526.26259,77645,0,0,0,0.701,0,12394,72.3,0,0
Brazil,2007,2259433000,319410000,1.08138,31059.14,17469,4194,20275,555.12941,566.52684,83944,0,0,0,0.705,0,13061,72.6,0,0
Brazil,2008,2697171000,465444000,1.12904,35489.96,18890,4280,22342,590.71388,606.16456,99570,10802230181,12.23199643,0,0.716,0,13547,73,0,0
Brazil,2009,2512044100,433807800,1.11866,38551.09,18135,4271,18450,625.52058,681.02727,94361,8469763734,14.15618296,0,0.718,0,13424,73.3,0,0
Brazil,2010,3225748879,189605958.5,1.15992,41666.17,20771,4228,23524,686.12491,754.57696,104168,8819040154,12.05234017,195.7,0.726,0,14194,73.6,5.6,50.5
Brazil,2011,3747622856,300800012.9,1.13966,44353.74,23954,4695,30028,737.71786,809.69231,122671,9155404859,10.57557748,197.5,0.73,91.4,14670,73.9,5.7,53.6
Brazil,2012,4198155186,276418446.3,1.12684,48282.01,25637,4798,31181,788.48979,863.93363,120530,9475997923,11.27277716,199.3,0.734,0,14892,74.2,5.9,54.6
Brazil,2013,4566857589,368127587.4,1.19567,50497.9,25925,4959,31092,838.47208,917.32864,132330,9070901211,10.4315303,201,0.752,0,15351,74.5,5.8,55.8
Brazil,2014,5922655347,375097938.4,1.27131,52632.41,25683,4659,29091,887.67844,969.90222,127925,8808980619,11.36344629,202.8,0.755,0,15177,74.7,5.9,57.5
Brazil,2015,5250459024,581080520.4,1.34264,53064.56,25578,4641,27989,0,0,130720,9447828534,13.13877132,204.5,0.755,0,14490,75,6.2,57.5
Brazil,2016,5140803656,650833689.7,1.26417,55181.31,22810,5200,28490,0,0,137878,10421108724,14.3371584,206.2,0.757,0,13907,75.2,0,59.2
Brazil,2017,5402128504,642157301.2,1.26326,58022.38,20178,5480,26911,0,0,159192,10756516887,13.31290322,207.8,0.76,0,13975,75.5,0,60
Brazil,2018,5124101633,825475487.4,0,60147.96,19877,4980,28356,0,0,176063,11096280497,12.95061345,209.5,0.761,0,14068,75.7,0,59.5
Brazil,2019,5344274732,641114074.4,0,0,0,0,0,0,0,0,0,0,0,0,0,0,0,0,0
China,1960,0,0,0,0,0,0,0,0,0,0,0,0,0,0,0,0,0,0,0
China,1961,0,0,0,0,0,0,0,0,0,0,0,0,0,0,0,0,0,0,0
China,1962,0,0,0,0,0,0,0,0,0,0,0,0,0,0,0,0,0,0,0
China,1963,0,0,0,0,0,0,0,0,0,0,0,0,0,0,0,0,0,0,0
China,1964,0,0,0,0,0,0,0,0,0,0,0,0,0,0,0,0,0,0,0
China,1965,0,0,0,0,0,0,0,0,0,0,0,0,0,0,0,0,0,0,0
China,1966,0,0,0,0,0,0,0,0,0,0,0,0,0,0,0,0,0,0,0
China,1967,0,0,0,0,0,0,0,0,0,0,0,0,0,0,0,0,0,0,0
China,1968,0,0,0,0,0,0,0,0,0,0,0,0,0,0,0,0,0,0,0
China,1969,0,0,0,0,0,0,0,0,0,0,0,0,0,0,0,0,0,0,0
China,1970,0,0,0,0,0,0,0,0,0,0,0,0,0,0,0,0,0,0,0
China,1971,0,0,0,0,0,0,0,0,0,0,0,0,0,0,0,0,0,0,0
China,1972,0,0,0,0,0,0,0,0,0,0,0,0,0,0,0,0,0,0,0
China,1973,0,0,0,0,0,0,0,0,0,0,0,0,0,0,0,0,0,0,0
China,1974,0,0,0,0,0,0,0,0,0,0,0,0,0,0,0,0,0,0,0
China,1975,0,0,0,0,0,0,0,0,0,0,0,0,0,0,0,0,0,0,0
China,1976,0,0,0,0,0,0,0,0,0,0,0,0,0,0,0,0,0,0,0
China,1977,0,0,0,0,0,0,0,0,0,0,0,0,0,0,0,0,0,0,0
China,1978,0,0,0,0,0,0,0,0,0,0,0,0,0,0,0,0,0,0,0
China,1979,0,0,0,0,0,0,0,0,0,0,0,0,0,0,0,0,0,0,0
China,1980,0,0,0,0,0,0,0,0,0,0,0,0,0,0,0,0,0,0,0
China,1981,0,0,0,0,0,0,0,0,0,0,0,0,0,0,0,0,0,0,0
China,1982,0,0,0,0,0,0,1565,0,0,17000,0,0,0,0,0,0,0,0,0
China,1983,0,0,0,0,0,0,1687,0,0,19120,0,0,0,0,0,0,0,0,0
China,1984,0,0,0,0,0,0,3077,0,0,26487,0,0,0,0,0,0,0,0,0
China,1985,0,0,0,0,4493,4065,5798,0,0,43445,0,0,0,0,0,0,0,0,0
China,1986,0,0,0,0,4515,3494,5939,0,0,45031,0,0,0,0,0,0,0,0,0
China,1987,0,0,0,0,4084,3975,4055,0,0,40014,0,0,0,0,0,0,0,0,0
China,1988,0,0,0,0,4872,4780,5866,0,0,41683,0,0,0,0,0,0,0,0,0
China,1989,0,0,0,0,4910,4749,5535,0,0,43202,0,0,0,0,0,0,0,0,0
China,1990,0,0,0,0,4305,5832,6611,0,0,50853,0,0,0,0.501,0,1530,69.1,0,0
China,1991,0,0,0,0,4051,7372,8482,0,0,59124,0,0,0,0.509,0,1649,69.2,0,0
China,1992,0,0,0,0,4387,10022,10981,0,0,79837,0,0,0,0.52,0,1857,69.4,0,0
China,1993,0,0,0,0,7534,12084,24464,0,0,107758,0,0,0,0.53,0,2085,69.5,0,0
China,1994,0,0,0,0,7876,11191,24502,0,0,117186,0,0,0,0.537,0,2331,69.7,0,0
China,1995,0,0,0,0,8688,10011,26420,0,0,144610,0,0,0,0.549,0,2522,69.9,0,0
China,1996,0,0,0.56324,0,11114,11628,27353,437.82691,0,122057,0,0,0,0.558,0,2747,70.1,0,0
China,1997,543000000,55000000,0.63873,0,12102,12672,26900,466.48325,0,118578,0,0,0,0.566,0,2978,70.4,0,0
China,1998,420000000,63000000,0.64689,0,33645,13751,23855,381.68769,0,129395,0,0,0,0.574,0,3167,70.7,0,0
China,1999,792000000,75000000,0.74963,0,34418,15626,24077,414.43141,0,140620,0,0,0,0.583,0,3389,71.1,0,0
China,2000,1280970000,80348000,0.89316,53064.35,26560,25346,31054,538.57781,0,181717,0,0,0,0.591,0,3651,71.4,0,0
China,2001,1938000000,110000000,0.94033,70439.37,33412,30038,29634,571.71041,0,229783,0,0,0,0.599,0,3918,71.7,0,0
China,2002,3114004041,132822320.5,1.05786,74015.97,40426,39806,43295,619.97445,0,321041,0,0,0,0.61,0,4263,72.1,0,0
China,2003,3548126752,106978898.3,1.12037,86912,48548,56769,41013,655.44415,0,405628,0,0,0,0.622,0,4678,72.4,0,0
China,2004,4496604796,236359258.2,1.21498,120362.55,64598,65786,55143,700.0701,0,527605,0,0,0,0.631,0,5137,72.7,0,0
China,2005,5321253863,157401785.8,1.30792,165335.65,79842,93485,64213,840.6356,0,593390,0,0,0,0.643,0,5665,73,0,0
China,2006,6634081020,204503785.2,1.36854,189949.47,88183,122318,70061,914.33689,0,669279,0,0,0,0.657,0,6381,73.3,0,0
China,2007,8192067402,342634075,1.37369,215206.94,92101,153060,74956,1057.4944,0,604979,3.43E+11,30.17041252,0,0.67,0,7281,73.6,0,0
China,2008,10319466356,570536223.2,1.44592,249048.56,95259,194579,76480,1176.45974,0,590545,3.91E+11,29.38944623,0,0.681,0,7974,73.8,0,0
China,2009,11065271082,429452520,1.6648,286371.91,85508,229096,65121,846.55957,0,741785,3.59E+11,31.95166301,0,0.69,0,8613,74.1,0,0
China,2010,13039546459,830483814,1.71372,312516.81,98111,293066,83050,884.59337,0,973514,4.75E+11,32.14900252,1368.8,0.702,0,9458,74.4,0,65.3
China,2011,14706108691,743301698,1.78034,326770.84,110583,415829,112917,957.56503,0,1273859,5.40E+11,30.49905043,1376.5,0.711,95.1,10259,74.7,0,67.7
China,2012,17748983437,1044102041,1.91214,329015.38,117464,535313,115850,1014.31188,0,1502582,5.94E+11,30.8595247,1384.2,0.719,0,11090,75,0,70.2
China,2013,21033078371,886670295,1.99786,359274.07,120200,704936,114551,1066.20984,0,1733387,6.56E+11,31.58467467,1391.9,0.727,0,11823,75.3,0,72.6
China,2014,22613800782,676381923.7,2.02963,390396.24,127042,801135,107353,1089.19646,0,1997058,6.54E+11,29.69961988,1399.5,0.735,0,12742,75.6,0,75
China,2015,22022366055,1084600061,2.0656,407974.61,133612,968252,0,1150.81931,0,0,6.52E+11,30.42695677,1406.8,0.742,0,13485,75.9,0,75
China,2016,23979580208,1161195655,2.11831,438348.74,133522,1204981,0,1196.68794,0,0,5.95E+11,30.2499368,1414,0.749,0,14311,76.2,0,77.4
China,2017,28746479819,4803034260,2.14512,473438.51,135885,1245709,0,1224.7822,0,0,6.54E+11,30.88739648,1421,0.753,0,15212,76.5,0,77.4
China,2018,35782953953,5561288668,2.18568,528263.25,148187,1393815,0,1307.12128,0,0,7.32E+11,31.43780272,1427.6,0.758,0,16127,76.7,0,78.6
China,2019,34370466478,6604705952,0,0,0,0,0,0,0,0,0,0,0,0,0,0,0,0,0
Canada,1960,0,0,0,0,0,0,0,0,0,0,0,0,0,0,0,0,0,0,0
Canada,1961,0,0,0,0,0,0,0,0,0,0,0,0,0,0,0,0,0,0,0
Canada,1962,0,0,0,0,0,0,0,0,0,0,0,0,0,0,0,0,0,0,0
Canada,1963,0,0,0,0,0,0,0,0,0,0,0,0,0,0,0,0,0,0,0
Canada,1964,0,0,0,0,0,0,0,0,0,0,0,0,0,0,0,0,0,0,0
Canada,1965,0,0,0,0,0,0,0,0,0,0,0,0,0,0,0,0,0,0,0
Canada,1966,0,0,0,0,0,0,0,0,0,0,0,0,0,0,0,0,0,0,0
Canada,1967,0,0,0,0,0,0,0,0,0,0,0,0,0,0,0,0,0,0,0
Canada,1968,0,0,0,0,0,0,0,0,0,0,0,0,0,0,0,0,0,0,0
Canada,1969,0,0,0,0,0,0,0,0,0,0,0,0,0,0,0,0,0,0,0
Canada,1970,0,0,0,0,0,0,0,0,0,0,0,0,0,0,0,0,0,0,0
Canada,1971,0,0,0,0,0,0,0,0,0,0,0,0,0,0,0,0,0,0,0
Canada,1972,0,0,0,0,0,0,0,0,0,0,0,0,0,0,0,0,0,0,0
Canada,1973,0,0,0,0,0,0,0,0,0,0,0,0,0,0,0,0,0,0,0
Canada,1974,0,0,0,0,0,0,0,0,0,0,0,0,0,0,0,0,0,0,0
Canada,1975,0,0,0,0,0,0,0,0,0,0,0,0,0,0,0,0,0,0,0
Canada,1976,0,0,0,0,0,0,0,0,0,0,0,0,0,0,0,0,0,0,0
Canada,1977,0,0,0,0,0,0,0,0,0,0,0,0,0,0,0,0,0,0,0
Canada,1978,0,0,0,0,0,0,0,0,0,0,0,0,0,0,0,0,0,0,0
Canada,1979,0,0,0,0,0,0,0,0,0,0,0,0,0,0,0,0,0,0,0
Canada,1980,0,0,0,0,22699,1648,6113,0,0,9106,0,0,0,0,0,0,0,0,0
Canada,1981,595526016.7,37516792.82,0,0,23267,2164,6306,0,0,10556,0,0,0,0,0,0,0,0,0
Canada,1982,676790445.1,32395938.24,0,0,23883,2000,6630,0,0,9772,0,0,0,0,0,0,0,0,0
Canada,1983,718907414.1,41357116.89,0,0,23690,2017,7041,0,0,10415,0,0,0,0,0,0,0,0,0
Canada,1984,798410514,36279243,0,0,24709,2026,7648,0,0,12396,0,0,0,0,0,0,0,0,0
Canada,1985,797907068.6,49066742.82,0,0,25482,2092,8578,0,0,12894,0,0,0,0,0,0,0,0,0
Canada,1986,936850027.5,56335106.43,0,0,25596,2161,8556,0,0,12694,0,0,0,0,0,0,0,0,0
Canada,1987,980475172.1,70071810.36,0,0,26598,2527,7430,0,0,11837,0,0,0,0,0,0,0,0,0
Canada,1988,1303288288,105070212.9,0,0,28869,2772,9572,0,0,15262,0,0,0,0,0,0,0,0,0
Canada,1989,1446481740,122561166.7,0,0,32060,3031,11103,0,0,15181,0,0,0,0,0,0,0,0,0
Canada,1990,1663737469,234647916.1,0,0,24375,2549,11733,0,0,13948,0,0,0,0.85,0,30384,77.3,0,0
Canada,1991,1788570111,344305753.4,0,0,21097,2182,11260,0,0,12253,0,0,0,0.853,0,29469,77.5,0,0
Canada,1992,1712795353,445988895.5,0,0,22950,2807,11302,0,0,12573,0,0,0,0.856,0,29310,77.7,0,0
Canada,1993,1685650281,519221992.2,0,0,23307,3623,11869,0,0,13068,0,0,0,0.854,0,29820,77.8,0,0
Canada,1994,1763749602,607169306.5,0,0,24683,2480,13339,0,0,14391,0,0,0,0.859,0,30767,78,0,0
Canada,1995,1882422401,734308254.8,0,0,24161,2431,13766,0,0,14938,0,0,0,0.861,0,31302,78.2,0,0
Canada,1996,1950307887,877095726.7,1.61209,0,24987,2583,15446,3071.85016,1127.03531,17895,0,0,0,0.863,0,31510,78.3,0,0
Canada,1997,2287741106,1163006889,1.61921,0,25238,3344,14237,3132.90307,1107.84671,18519,0,0,0,0.863,0,32608,78.5,0,0
Canada,1998,2592204790,1532420478,1.71643,0,30163,3809,17201,3171.46654,1104.6539,18189,0,0,0,0.861,0,33524,78.7,0,0
Canada,1999,3212822610,1648658126,1.75587,0,33189,4061,19863,3255.43936,1118.78502,20502,0,0,0,0.864,0,34963,78.9,0,0
Canada,2000,3563235579,2323901618,1.86469,33854.39,35435,4187,24172,3527.48297,1240.66709,22080,0,0,0,0.868,0,36681,79.1,0,0
Canada,2001,3543578555,2532923682,2.02831,33374.29,35753,3963,21778,3708.21662,1312.82073,17314,0,0,0,0.872,0,36862,79.3,0,0
Canada,2002,4479912201,2575964576,1.97873,36153.2,35782,3959,19665,3719.25787,1367.61949,17068,0,0,0,0.877,0,37676,79.6,0,0
Canada,2003,5454962204,3005417256,1.97478,38040.42,33299,3929,20640,3913.5484,1463.09482,18072,0,0,0,0.882,0,38021,79.8,0,0
Canada,2004,6456200016,3183299993,2.00416,41974.14,32970,5231,22169,4098.00332,1621.85129,17719,0,0,0,0.887,0,38934,80,0,0
Canada,2005,6959129029,2873468639,1.97759,47256.69,34705,5183,23055,4250.05244,1642.34836,18777,0,0,0,0.892,0,39837,80.2,0,0
Canada,2006,7083070777,3359028698,1.94872,49158.88,36516,5522,25083,4323.08007,1761.07271,19949,0,0,0,0.895,0,40655,80.5,0,0
Canada,2007,8162785542,3835550664,1.90857,52152.72,35133,4998,26657,4595.39481,1982.64275,21101,30805025981,14.93062921,0,0.891,0,41136,80.7,0,0
Canada,2008,8923454841,4129666784,1.8604,53295.51,37028,5061,25579,4715.39105,1960.24685,20040,30538739415,15.43364601,0,0.893,0,41093,80.9,0,0
Canada,2009,8922065283,3604954463,1.92227,55378.23,32410,5067,22293,4451.47828,1789.24417,18663,26149995016,18.31684989,0,0.893,0,39347,81.1,0,0
Canada,2010,9731280814,2813939869,1.82958,56294.52,30899,4550,24771,4646.30508,1520.7527,20449,27247838004,15.97178676,34.1,0.895,0,39996,81.3,5.4,100
Canada,2011,10411408151,3348091955,1.79132,57594.93,30357,4754,27135,4780.08165,1555.04655,21337,28135169998,15.09923873,34.5,0.899,0,40880,81.5,5.3,100
Canada,2012,10901911781,3931432400,1.7766,59607.51,30533,4709,28369,4627.4515,1369.90891,21741,33776153653,16.00543186,34.9,0.906,0,41199,81.7,0,100
Canada,2013,11801326421,4569255358,1.70964,59902.46,30174,4567,28370,4623.11761,1378.32254,21449,32769499866,15.81899031,35.3,0.91,0,41818,81.8,0,100
Canada,2014,11712157364,4763593321,1.71824,60774.68,31283,4198,29681,4541.84807,1352.97622,21348,29530952353,15.08228443,35.7,0.914,0,42546,81.9,0,100
Canada,2015,10732654496,4087280234,1.69718,60533.24,32687,4277,29872,4523.09283,1455.58808,22589,28847379685,15.17479436,36,0.917,0,42567,82,0,100
Canada,2016,11567469044,4514595457,1.73019,60045,30667,4078,31013,4369.6299,1247.83745,23652,26796566317,14.46681227,36.4,0.92,0,42691,82.1,0,100
Canada,2017,11832283361,4880925496,1.67165,60214.84,30969,4053,33061,4325.64492,1268.37307,25853,27599664924,14.72234763,36.7,0.921,0,43496,82.2,0,100
Canada,2018,11807120207,5508143492,1.56625,59967.79,31812,4349,35738,0,0,27320,31036316910,15.75193115,37.1,0.922,0,43602,82.3,0,100
Canada,2019,11405841336,5388687771,0,0,0,0,0,0,0,0,32490788425,16.68743673,0,0,0,0,0,0,0
Australia,1960,0,0,0,0,0,0,0,0,0,0,0,0,0,0,0,0,0,0,0
Australia,1961,0,0,0,0,0,0,0,0,0,0,0,0,0,0,0,0,0,0,0
Australia,1962,0,0,0,0,0,0,0,0,0,0,0,0,0,0,0,0,0,0,0
Australia,1963,0,0,0,0,0,0,0,0,0,0,0,0,0,0,0,0,0,0,0
Australia,1964,0,0,0,0,0,0,0,0,0,0,0,0,0,0,0,0,0,0,0
Australia,1965,0,0,0,0,0,0,0,0,0,0,0,0,0,0,0,0,0,0,0
Australia,1966,0,0,0,0,0,0,0,0,0,0,0,0,0,0,0,0,0,0,0
Australia,1967,0,0,0,0,0,0,0,0,0,0,0,0,0,0,0,0,0,0,0
Australia,1968,0,0,0,0,0,0,0,0,0,0,0,0,0,0,0,0,0,0,0
Australia,1969,0,0,0,0,0,0,0,0,0,0,0,0,0,0,0,0,0,0,0
Australia,1970,0,0,0,0,0,0,0,0,0,0,0,0,0,0,0,0,0,0,0
Australia,1971,0,0,0,0,0,0,0,0,0,0,0,0,0,0,0,0,0,0,0
Australia,1972,0,0,0,0,0,0,0,0,0,0,0,0,0,0,0,0,0,0,0
Australia,1973,0,0,0,0,0,0,0,0,0,0,0,0,0,0,0,0,0,0,0
Australia,1974,0,0,0,0,0,0,0,0,0,0,0,0,0,0,0,0,0,0,0
Australia,1975,0,0,0,0,0,0,0,0,0,0,0,0,0,0,0,0,0,0,0
Australia,1976,0,0,0,0,0,0,0,0,0,0,0,0,0,0,0,0,0,0,0
Australia,1977,0,0,0,0,0,0,0,0,0,0,0,0,0,0,0,0,0,0,0
Australia,1978,0,0,0,0,0,0,0,0,0,0,0,0,0,0,0,0,0,0,0
Australia,1979,0,0,0,0,0,0,0,0,0,0,0,0,0,0,0,0,0,0,0
Australia,1980,0,0,0,0,9354,6582,5570,0,0,7997,0,0,0,0,0,0,0,0,0
Australia,1981,0,0,0,0,9807,6341,6147,0,0,8782,0,0,0,0,0,0,0,0,0
Australia,1982,0,0,0,0,9572,6603,6056,0,0,9681,0,0,0,0,0,0,0,0,0
Australia,1983,0,0,0,0,9529,6930,5782,0,0,8036,0,0,0,0,0,0,0,0,0
Australia,1984,0,0,0,0,10212,7170,6164,0,0,9251,0,0,0,0,0,0,0,0,0
Australia,1985,0,0,0,0,0,0,7062,0,0,11397,0,0,0,0,0,0,0,0,0
Australia,1986,0,0,0,0,0,0,6830,0,0,12364,0,0,0,0,0,0,0,0,0
Australia,1987,0,0,0,0,0,0,7341,0,0,13809,0,0,0,0,0,0,0,0,0
Australia,1988,0,0,0,0,0,0,7185,0,0,15071,0,0,0,0,0,0,0,0,0
Australia,1989,808156157.1,170237056.7,0,0,0,0,9579,0,0,14242,0,0,0,0,0,0,0,0,0
Australia,1990,825954292.2,162330634.6,0,0,0,0,9189,0,0,12826,0,0,0,0.866,0,27679,76.9,0,0
Australia,1991,806995923.3,154230038.2,0,0,0,0,9186,0,0,12624,0,0,0,0.867,0,27203,77.2,0,0
Australia,1992,843695450.8,148081020.3,0,0,0,0,8604,0,0,14856,0,0,0,0.868,0,27159,77.5,0,0
Australia,1993,798613711.7,186941007.4,0,0,0,0,16087,0,0,10039,0,0,0,0.872,0,28112,77.8,0,0
Australia,1994,969759324.1,239301517.4,0,0,0,0,17567,0,0,12484,0,0,0,0.875,0,28942,78,0,0
Australia,1995,1001161631,261031141,0,0,12277,1784,17807,0,0,14575,0,0,0,0.883,0,29524,78.3,0,0
Australia,1996,1146884408,294468435.6,1.6665,0,13221,1797,10154,3355.86511,814.21598,14772,0,0,0,0.886,0,30234,78.5,0,0
Australia,1997,1196946821,358625655.8,0,0,15398,1760,10975,0,0,16022,0,0,0,0.889,0,31130,78.8,0,0
Australia,1998,1114256382,309259521.4,1.51645,0,16063,1862,11243,3382.17189,795.87794,18928,0,0,0,0.892,0,32284,79,0,0
Australia,1999,1267126378,381549793.1,0,0,17960,1858,12875,0,0,23858,0,0,0,0.895,0,33555,79.3,0,0
Australia,2000,1160197303,394187702.9,1.57558,23275.99,20073,1928,15589,3475.32527,819.47485,27301,0,0,0,0.898,0,34533,79.6,0,0
Australia,2001,1001186254,336750552.2,0,23618.28,20548,2187,12871,0,0,24970,0,0,0,0.9,0,34748,79.9,0,0
Australia,2002,1184791216,345584849.6,1.75161,24160.35,20181,2364,13156,3771.53817,961.32396,26439,0,0,0,0.903,0,35729,80.2,0,0
Australia,2003,1502670172,450714506.6,0,25337.6,19176,2418,13801,0,0,30401,0,0,0,0.904,0,36308,80.5,0,0
Australia,2004,1743966466,537973548.7,1.85456,27411.6,20274,2559,16507,4084.15159,885.3275,36773,0,0,0,0.907,0,37314,80.7,0,0
Australia,2005,1972287332,573756156.6,0,31348.58,21302,2555,17714,0,0,38192,0,0,0,0.902,0,37669,81,0,0
Australia,2006,2151687683,641546473.1,2.18552,33487.61,23166,2837,19041,4248.25649,1017.79166,40239,0,0,0,0.905,0,38060,81.2,0,0
Australia,2007,2809284035,713645961,0,36024.47,24122,2718,20312,0,0,40004,3880514289,12.05407808,0,0.908,0,39025,81.4,0,0
Australia,2008,3012858777,746149101.7,2.4037,37173.55,23525,2821,19450,4343.12653,1136.46069,38391,4487704547,12.76225137,0,0.922,0,39780,81.6,0,0
Australia,2009,2832316675,789823546.5,0,39121.67,21187,2494,17177,0,0,38472,3866842538,14.19153992,0,0.923,0,39939,81.8,0,0
Australia,2010,3423557729,978059795.2,2.37586,41687.77,22478,2409,19272,4532.40149,0,39641,4589861226,13.90687553,22.2,0.926,0,39982,81.9,5.6,93.2
Australia,2011,4110573493,948333508.2,2.23765,45026.57,23143,2383,20459,0,0,40154,5651820508,15.19796806,22.5,0.928,0,40281,82.1,5.1,93.6
Australia,2012,4165820497,859824156.7,0,46511.75,23731,2627,21578,0,0,41181,5488081110,14.67368856,22.9,0.932,0,41566,82.3,4.9,94.4
Australia,2013,3913990517,813652776.3,2.1787,50340.27,26656,3061,22055,0,0,39675,5367019937,15.17743511,23.3,0.926,0,42201,82.5,5.2,91.1
Australia,2014,3973566695,851550055.5,0,52666.28,23968,1988,22970,0,0,41682,5487641576,15.90671471,23.6,0.929,0,42594,82.6,5.2,91.5
Australia,2015,3526073729,783100619.9,1.91943,52945.01,26314,2291,23675,0,0,47085,5123915237,16.33994243,23.9,0.933,0,43246,82.8,5.3,91.5
Australia,2016,3318284382,820885409.2,0,53781.62,25774,2620,25266,0,0,47059,5406743775,17.48002781,24.3,0.935,0,43653,83,0,90
Australia,2017,3423494903,922957692.5,1.87372,53428.79,26403,2503,28262,0,0,46344,4837243928,16.39031414,24.6,0.937,0,43756,83.1,0,90
Australia,2018,3619620713,974141515.6,0,53610.22,27200,2757,30816,0,0,48282,5274079796,16.70831773,24.9,0.938,0,44097,83.3,0,90.4
Australia,2019,3494145299,965106184.4,0,0,0,0,0,0,0,0,0,0,0,0,0,0,0,0,0
USA,1960,0,0,0,0,0,0,0,0,0,0,0,0,0,0,0,0,0,0,0
USA,1961,0,0,0,0,0,0,0,0,0,0,0,0,0,0,0,0,0,0,0
USA,1962,0,0,0,0,0,0,0,0,0,0,0,0,0,0,0,0,0,0,0
USA,1963,0,0,0,0,0,0,0,0,0,0,0,0,0,0,0,0,0,0,0
USA,1964,0,0,0,0,0,0,0,0,0,0,0,0,0,0,0,0,0,0,0
USA,1965,0,0,0,0,0,0,0,0,0,0,0,0,0,0,0,0,0,0,0
USA,1966,0,0,0,0,0,0,0,0,0,0,0,0,0,0,0,0,0,0,0
USA,1967,0,0,0,0,0,0,0,0,0,0,0,0,0,0,0,0,0,0,0
USA,1968,0,0,0,0,0,0,0,0,0,0,0,0,0,0,0,0,0,0,0
USA,1969,0,0,0,0,0,0,0,0,0,0,0,0,0,0,0,0,0,0,0
USA,1970,220000000,2330000000,0,0,0,0,0,0,0,0,0,0,0,0,0,0,0,0,0
USA,1971,240000000,2550000000,0,0,0,0,0,0,0,0,0,0,0,0,0,0,0,0,0
USA,1972,300000000,2780000000,0,0,0,0,0,0,0,0,0,0,0,0,0,0,0,0,0
USA,1973,400000000,3230000000,0,0,0,0,0,0,0,0,0,0,0,0,0,0,0,0,0
USA,1974,360000000,3830000000,0,0,0,0,0,0,0,0,0,0,0,0,0,0,0,0,0
USA,1975,480000000,4310000000,0,0,0,0,0,0,0,0,0,0,0,0,0,0,0,0,0
USA,1976,500000000,4370000000,0,0,0,0,0,0,0,0,0,0,0,0,0,0,0,0,0
USA,1977,510000000,4920000000,0,0,0,0,0,0,0,0,0,0,0,0,0,0,0,0,0
USA,1978,670000000,5880000000,0,0,0,0,0,0,0,0,0,0,0,0,0,0,0,0,0
USA,1979,850000000,6190000000,0,0,0,0,0,0,0,0,0,0,0,0,0,0,0,0,0
USA,1980,730000000,7080000000,0,0,42231,62098,5537,0,0,41300,0,0,0,0,0,0,0,0,0
USA,1981,650000000,7280000000,0,0,44009,62404,6098,0,0,46411,0,0,0,0,0,0,0,0,0
USA,1982,800000000,5610000000,0,0,46309,63316,6184,0,0,57561,0,0,0,0,0,0,0,0,0
USA,1983,940000000,5780000000,0,0,44312,59391,7202,0,0,48343,0,0,0,0,0,0,0,0,0
USA,1984,1170000000,6180000000,0,0,49443,61841,8547,0,0,54053,0,0,0,0,0,0,0,0,0
USA,1985,1170000000,6680000000,0,0,51562,63673,11523,0,0,53577,0,0,0,0,0,0,0,0,0
USA,1986,1401000000,8114000000,0,0,55721,65195,12574,0,0,56679,0,0,0,0,0,0,0,0,0
USA,1987,1857000000,10174000000,0,0,63522,68315,12998,0,0,58294,0,0,0,0,0,0,0,0,0
USA,1988,2601000000,12147000000,0,0,68644,75192,14557,0,0,63788,0,0,0,0,0,0,0,0,0
USA,1989,2530000000,13820000000,0,0,76337,82370,17007,0,0,77394,0,0,0,0,0,0,0,0,0
USA,1990,3140000000,16640000000,0,0,80520,90643,20653,0,0,106693,0,0,0,0.86,0,37154,75.2,0,0
USA,1991,4040000000,17820000000,0,0,84160,87955,18268,0,0,105051,0,0,0,0.862,0,36597,75.4,0,0
USA,1992,5162000000,20841000000,0,0,90922,92425,17766,0,0,110071,0,0,0,0,0,37350,75.6,0,0
USA,1993,5032000000,21694000000,0,0,84241,99955,18622,0,0,131797,0,0,0,0.872,0,37867,75.7,0,0
USA,1994,5852000000,26712000000,0,0,95522,107233,21342,0,0,139713,0,0,0,0.875,0,38858,75.9,0,0
USA,1995,6919000000,30289000000,0,0,104180,123962,25063,0,0,163787,0,0,0,0.878,0,39449,76.1,0,0
USA,1996,7837000000,32470000000,2.45001,0,105054,106892,28585,3140.92456,0,183925,0,0,0,0.879,0,40470,76.2,0,0
USA,1997,9161000000,33228000000,2.47983,0,101282,119214,35657,3243.38158,0,198953,0,0,0,0,0,41718,76.4,0,0
USA,1998,11235000000,35626000000,2.50401,0,102246,134733,39182,3408.37276,0,207429,0,0,0,0.884,0,43049,76.5,0,0
USA,1999,13302000000,47731000000,2.54965,0,116512,149251,31040,3465.72038,0,229721,0,0,0,0.885,0,44612,76.7,0,0
USA,2000,16607000000,51807000000,2.62879,304781.56,131100,164795,41244,3496.36797,0,251220,0,0,0,0.881,0,45974,76.8,0,0
USA,2001,16661000000,49489000000,2.6483,305612.91,148958,177513,34598,3567.42616,0,181713,0,0,0,0.884,0,46032,77,0,0
USA,2002,19493000000,53859000000,2.55926,319307.62,150200,184245,30945,3652.18425,0,181693,0,0,0,0.886,0,46379,77.1,0,0
USA,2003,19259000000,56814000000,2.56455,329398.86,153500,188941,29834,3894.90127,0,191905,0,0,0,0.889,0,47343,77.3,0,0
USA,2004,23690000000,67093000000,2.50243,353853.49,167407,189536,36847,3789.08962,0,213519,0,0,0,0.892,0,48752,77.5,0,0
USA,2005,25577000000,74448000000,2.51697,384572.94,182866,207867,39377,3742.51961,0,224300,0,0,0,0.896,0,49980,77.7,0,0
USA,2006,25038000000,83550000000,2.55764,385515,204182,221784,42753,3806.33035,0,233357,0,0,0,0.899,0,50795,77.9,0,0
USA,2007,26479000000,97802000000,2.63161,391909.59,214807,241347,47030,3781.17475,0,256471,2.44E+11,30.51312664,0,0.902,0,51457,78.1,0,0
USA,2008,29623000000,1.02E+11,2.76791,393978.95,224733,231588,46463,3935.49275,0,246263,2.47E+11,28.97133129,0,0.907,0,51048,78.3,0,0
USA,2009,31297000000,98406000000,2.8127,399350.31,231194,224912,40898,4090.2744,0,225045,1.54E+11,25.00957984,0,0.908,0,49292,78.5,0,0
USA,2010,32551000000,1.08E+11,2.7354,408817.1,248249,241977,44598,3885.08226,0,236864,1.69E+11,23.11602909,309,0.911,0,50297,78.7,5.4,94.8
USA,2011,36088000000,1.23E+11,2.76525,423958.81,255832,247750,48368,4027.11889,0,256841,1.69E+11,21.06765866,311.6,0.914,0,50813,78.8,5.2,94.9
USA,2012,38660000000,1.24E+11,2.68166,427996.8,274033,268782,51366,3990.62379,0,261959,1.72E+11,20.65993207,314,0.916,0,51533,78.9,5.2,95
USA,2013,38860000000,1.28E+11,2.70972,429570.05,283781,287831,53115,4090.88439,0,270225,1.72E+11,20.65168465,316.4,0.914,0,52092,78.9,4.9,95.2
USA,2014,41983000000,1.30E+11,2.71924,433192.28,293706,285096,59286,4205.25602,0,283290,1.79E+11,20.99626735,318.7,0.915,0,52982,78.9,5,95.3
USA,2015,40609000000,1.25E+11,2.71742,429988.89,301075,288335,71743,4267.83919,0,303233,1.78E+11,21.94510512,320.9,0.917,0,54039,78.9,0,95.3
USA,2016,46987000000,1.24E+11,2.76145,427264.63,310244,295327,92691,4247.7483,0,300550,1.77E+11,23.01332375,323,0.919,0,54443,78.9,0,95.3
USA,2017,53440000000,1.27E+11,2.81741,432216.49,313052,293904,117713,4412.43542,0,330498,1.57E+11,19.69151286,325.1,0.919,0,55351,78.9,0,95.3
USA,2018,56117000000,1.29E+11,2.83766,422807.71,312046,285095,122636,0,0,342150,1.56E+11,18.89563539,327.1,0.92,0,56140,78.9,0,95.6
USA,2019,57073000000,1.29E+11,0,0,0,0,0,0,0,0,1.56E+11,19.09111939,0,0,0,0,0,0,0
Argentina,1960,0,0.00E+00,0,0,0,0,0,0,0,0,0.00E+00,0,0,0,0,0,0,0,0
Argentina,1961,0,0.00E+00,0,0,0,0,0,0,0,0,0.00E+00,0,0,0,0,0,0,0,0
Argentina,1962,0,0.00E+00,0,0,0,0,0,0,0,0,0.00E+00,0,0,0,0,0,0,0,0
Argentina,1963,0,0.00E+00,0,0,0,0,0,0,0,0,0.00E+00,0,0,0,0,0,0,0,0
Argentina,1964,0,0.00E+00,0,0,0,0,0,0,0,0,0.00E+00,0,0,0,0,0,0,0,0
Argentina,1965,0,0.00E+00,0,0,0,0,0,0,0,0,0.00E+00,0,0,0,0,0,0,0,0
Argentina,1966,0,0.00E+00,0,0,0,0,0,0,0,0,0.00E+00,0,0,0,0,0,0,0,0
Argentina,1967,0,0.00E+00,0,0,0,0,0,0,0,0,0.00E+00,0,0,0,0,0,0,0,0
Argentina,1968,0,0.00E+00,0,0,0,0,0,0,0,0,0.00E+00,0,0,0,0,0,0,0,0
Argentina,1969,0,0.00E+00,0,0,0,0,0,0,0,0,0.00E+00,0,0,0,0,0,0,0,0
Argentina,1970,0,0.00E+00,0,0,0,0,0,0,0,0,0.00E+00,0,0,0,0,0,0,0,0
Argentina,1971,0,0.00E+00,0,0,0,0,0,0,0,0,0.00E+00,0,0,0,0,0,0,0,0
Argentina,1972,0,0.00E+00,0,0,0,0,0,0,0,0,0.00E+00,0,0,0,0,0,0,0,0
Argentina,1973,0,0.00E+00,0,0,0,0,0,0,0,0,0.00E+00,0,0,0,0,0,0,0,0
Argentina,1974,0,0.00E+00,0,0,0,0,0,0,0,0,0.00E+00,0,0,0,0,0,0,0,0
Argentina,1975,0,0.00E+00,0,0,0,0,0,0,0,0,0.00E+00,0,0,0,0,0,0,0,0
Argentina,1976,0,23000000,0,0,0,0,0,0,0,0,0.00E+00,0,0,0,0,0,0,0,0
Argentina,1977,0,14000000,0,0,0,0,0,0,0,0,0.00E+00,0,0,0,0,0,0,0,0
Argentina,1978,0,4000000,0,0,0,0,0,0,0,0,0.00E+00,0,0,0,0,0,0,0,0
Argentina,1979,0,3000000,0,0,0,0,0,0,0,0,0.00E+00,0,0,0,0,0,0,0,0
Argentina,1980,0,4000000,0,0,3063,1269,6818,0,0,18498,0.00E+00,0,0,0,0,0,0,0,0
Argentina,1981,0,6000000,0,0,3321,954,7075,0,0,22667,0.00E+00,0,0,0,99.1,0,0,0,0
Argentina,1982,0,12000000,0,0,2793,951,5161,0,0,19455,0.00E+00,0,0,0,0,0,0,0,0
Argentina,1983,0,2000000,0,0,2443,1102,4484,0,0,23879,0.00E+00,0,0,0,0,0,0,0,0
Argentina,1984,0,4000000,0,0,2656,1182,0,0,0,0,0.00E+00,0,0,0,0,0,0,0,0
Argentina,1985,0,8000000,0,0,0,0,0,0,0,0,0.00E+00,0,0,0,0,0,0,0,0
Argentina,1986,0,16000000,0,0,0,0,7216,0,0,51434,0.00E+00,0,0,0,0,0,0,0,0
Argentina,1987,0,14000000,0,0,0,0,7611,0,0,46106,0.00E+00,0,0,0,0,0,0,0,0
Argentina,1988,0,6000000,0,0,0,0,8165,0,0,37092,0.00E+00,0,0,0,0,0,0,0,0
Argentina,1989,0,7000000,0,0,0,0,8237,0,0,33368,0.00E+00,0,0,0,0,0,0,0,0
Argentina,1990,0,4000000,0,0,1955,955,14475,0,0,52578,0.00E+00,0,0,0.707,0,10932,71.6,0,0
Argentina,1991,0,4000000,0,0,1851,943,9703,0,0,34654,0.00E+00,0,0,0.714,0,11902,71.8,0,0
Argentina,1992,0,5700000,0,0,1919,503,10596,0,0,26749,0.00E+00,0,0,0.719,0,12816,72,0,0
Argentina,1993,0,6960000,0,0,2261,787,10650,0,0,27037,0.00E+00,0,0,0.725,0,13774,72.2,0,0
Argentina,1994,0,8700000,0,0,2820,694,13551,0,0,36316,0.00E+00,0,0,0.729,0,14371,72.5,0,0
Argentina,1995,0,12400000,0,0,3588,676,17788,0,0,43096,0.00E+00,0,0,0.731,0,13742,72.7,0,0
Argentina,1996,0,15554642.49,0.41749,0,4012,1097,14279,0,0,33693,0.00E+00,0,0,0.738,0,14297,72.8,0,0
Argentina,1997,0,17579252.91,0.41959,0,5035,824,17410,695.61942,159.91058,42784,0.00E+00,0,0,0.746,0,15263,73,0,0
Argentina,1998,0,26332381.71,0.41131,0,5459,861,19439,704.84088,170.72683,52569,0.00E+00,0,0,0.752,0,15619,73.2,0,0
Argentina,1999,0,25406457.61,0.45337,0,5558,899,19342,713.0788,156.49672,45377,0.00E+00,0,0,0.763,0,14903,73.4,0,0
Argentina,2000,0,36756558.01,0.43884,4385.98,5574,1062,18947,716.55644,158.28249,42900,0.00E+00,0,0,0.77,0,14617,73.6,0,0
Argentina,2001,0,46775129.55,0.42461,4501.47,5088,691,12996,688.2777,166.62351,27587,0.00E+00,0,0,0.775,0,13791,73.8,0,0
Argentina,2002,0,33450000,0.38886,4811.32,4143,718,12091,692.19186,161.13902,30721,0.00E+00,0,0,0.77,0,11841,73.9,0,0
Argentina,2003,0,51500000,0.41013,4598.69,3765,792,19373,718.52276,168.76765,61843,0.00E+00,0,0,0.775,0,12910,74.1,0,0
Argentina,2004,0,61210000,0.40376,4702.95,3816,786,16748,765.64017,180.99878,59683,0.00E+00,0,0,0.775,0,12911,74.3,0,0
Argentina,2005,0,51080000,0.42074,4964.45,4215,1054,19754,819.37769,200.24204,59264,0.00E+00,0,0,0.777,0,13886,74.5,0,0
Argentina,2006,0,80512422.81,0.45216,5587.62,4597,1020,19428,891.83275,207.45801,58283,0.00E+00,0,0,0.801,0,16185,74.6,0,0
Argentina,2007,0,96694187.45,0.46007,5684.67,4806,937,17890,974.71808,194.83778,53669,1215431790,7.031525045,0,0.806,0,17586,74.8,0,0
Argentina,2008,0,99367650.4,0.47055,6270.29,4781,801,23303,1035.99886,205.4882,66326,2026087341,9.376349431,0,0.81,0,18137,75,0,0
Argentina,2009,0,105965489.6,0.58398,6897.38,4336,640,18410,1035.62531,227.03476,65273,1615045571,9.070085735,0,0.81,0,16791,75.1,0,0
Argentina,2010,0,152187821.1,0.56104,7236.62,4165,552,19454,1123.83311,247.45846,68974,1700363226,7.747796267,40.9,0.818,0,18279,75.3,5,56.9
Argentina,2011,0,155396388.3,0.56597,7733.75,4133,688,20148,1180.67303,272.47976,57346,1936261822,7.354375081,41.3,0.823,0,19251,75.4,5.3,58.3
Argentina,2012,0,158152120.1,0.63491,7842.75,4078,735,15772,1203.37119,307.17135,44398,1664145543,6.668610427,41.8,0.823,0,18940,75.6,5.3,59.7
Argentina,2013,0,179902421.6,0.61849,7994.13,4129,643,15004,1198.26439,320.69368,40291,1797685979,7.478181328,42.2,0.824,0,19228,75.8,5.4,61.1
Argentina,2014,0,174205013.5,0.59396,8464.74,4173,509,14352,1206.94193,318.78033,44134,1515780203,7.074803755,42.6,0.825,0,18562,75.9,5.4,62.4
Argentina,2015,0,161745947,0.62262,8370.01,3579,546,14070,1230.53948,326.07927,52208,1484221227,9.26893795,43.1,0.828,0,18901,76.1,5.8,62.4
Argentina,2016,0,168807424.7,0.55815,8593.36,2925,884,15319,1259.64008,328.60276,55739,1339371534,9.020165318,43.5,0.828,0,18249,76.2,5.6,63.8
Argentina,2017,0,355748663.9,0.54152,8704.3,3050,393,15053,1192.22598,337.30006,59669,1494147748,9.237250108,43.9,0.832,0,18462,76.4,0,64.8
Argentina,2018,0,315795013.8,0,8811.13,3242,425,16220,0,0,55492,647172436,5.334288406,44.4,0.83,0,17611,76.5,0,64.8
Argentina,2019,0,270438233.7,0,0,0,0,0,0,0,0,561915854,5.123762199,0,0,0,0,0,0,0
Germany,1960,0,0,0,0,0,0,0,0,0,0,0,0,0,0,0,0,0,0,0
Germany,1961,0,0,0,0,0,0,0,0,0,0,0,0,0,0,0,0,0,0,0
Germany,1962,0,0,0,0,0,0,0,0,0,0,0,0,0,0,0,0,0,0,0
Germany,1963,0,0,0,0,0,0,0,0,0,0,0,0,0,0,0,0,0,0,0
Germany,1964,0,0,0,0,0,0,0,0,0,0,0,0,0,0,0,0,0,0,0
Germany,1965,0,0,0,0,0,0,0,0,0,0,0,0,0,0,0,0,0,0,0
Germany,1966,0,0,0,0,0,0,0,0,0,0,0,0,0,0,0,0,0,0,0
Germany,1967,0,0,0,0,0,0,0,0,0,0,0,0,0,0,0,0,0,0,0
Germany,1968,0,0,0,0,0,0,0,0,0,0,0,0,0,0,0,0,0,0,0
Germany,1969,0,0,0,0,0,0,0,0,0,0,0,0,0,0,0,0,0,0,0
Germany,1970,0,0,0,0,0,0,0,0,0,0,0,0,0,0,0,0,0,0,0
Germany,1971,423474020.1,156379882.2,0,0,0,0,0,0,0,0,0,0,0,0,0,0,0,0,0
Germany,1972,493347292.3,211276916.8,0,0,0,0,0,0,0,0,0,0,0,0,0,0,0,0,0
Germany,1973,624130653.4,225350237.7,0,0,0,0,0,0,0,0,0,0,0,0,0,0,0,0,0
Germany,1974,669979669.5,275539638.4,0,0,0,0,0,0,0,0,0,0,0,0,0,0,0,0,0
Germany,1975,836978364.6,324885739.3,0,0,0,0,0,0,0,0,0,0,0,0,0,0,0,0,0
Germany,1976,805220102.9,304438860.5,0,0,0,0,0,0,0,0,0,0,0,0,0,0,0,0,0
Germany,1977,986661567.9,355860382.4,0,0,0,0,0,0,0,0,0,0,0,0,0,0,0,0,0
Germany,1978,1187406866,462286663.8,0,0,0,0,0,0,0,0,0,0,0,0,0,0,0,0,0
Germany,1979,1371790483,525965634.6,0,0,0,0,0,0,0,0,0,0,0,0,0,0,0,0,0
Germany,1980,1445858316,606121398.7,0,0,19900,28683,4938,0,0,16487,0,0,0,0,0,0,0,0,0
Germany,1981,1185984547,546035547.7,0,0,16738,29841,4661,0,0,16317,0,0,0,0,0,0,0,0,0
Germany,1982,1116646533,561911840.7,0,0,17158,30668,4556,0,0,16375,0,0,0,0,0,0,0,0,0
Germany,1983,1183812410,592844962.5,0,0,15445,31658,5130,0,0,17424,0,0,0,0,0,0,0,0,0
Germany,1984,1116476702,583238416.9,0,0,13225,31984,5557,0,0,18061,0,0,0,0,0,0,0,0,0
Germany,1985,1213984364,618173314.7,0,0,12180,32202,11454,0,0,20024,0,0,0,0,0,0,0,0,0
Germany,1986,1927426971,920418045.6,0,0,10945,32169,11842,0,0,20551,0,0,0,0,0,0,0,0,0
Germany,1987,2456301273,1161327536,0,0,9933,31597,13679,0,0,21282,0,0,0,0,0,0,0,0,0
Germany,1988,2743678015,1265022010,0,0,9332,31912,16812,0,0,23707,0,0,0,0,0,0,0,0,0
Germany,1989,3027419866,1340511286,0,0,9168,31171,18117,0,0,24491,0,0,0,0,0,0,0,0,0
Germany,1990,3797381850,1986983701,0,0,8605,30724,0,0,0,0,0,0,0,0.801,0,31793,75.5,0,0
Germany,1991,3996032725,1837177849,0,0,7784,32256,0,0,0,0,0,0,0,0.809,0,32995,75.7,0,0
Germany,1992,4154722544,2026275875,0,0,7404,33919,0,0,0,0,0,0,0,0.814,0,33325,75.9,0,0
Germany,1993,4042917736,1933633974,0,0,6995,34752,0,0,0,0,0,0,0,0.824,0,32732,76.1,0,0
Germany,1994,4170740415,2111251392,0,0,7261,36715,20525,0,0,36781,0,0,0,0.829,0,33196,76.4,0,0
Germany,1995,5229593331,2705200940,0,0,8055,38103,21602,0,0,38312,0,0,0,0.834,0,33594,76.6,0,0
Germany,1996,4687826794,2878685212,2.13911,0,9511,42322,17667,2830.52913,1354.51349,43299,0,0,0,0.839,0,33807,76.9,0,0
Germany,1997,4961800846,2736737194,2.18171,0,11291,44438,15031,2896.74656,1372.85047,51086,0,0,0,0.844,0,34311,77.2,0,0
Germany,1998,4904364198,3094772571,2.21195,0,10843,46523,15028,2920.19895,1364.39009,63270,0,0,0,0.853,0,34853,77.4,0,0
Germany,1999,4394913908,2690187258,2.34165,0,9502,50029,14147,3129.2693,0,71572,0,0,0,0.861,0,35458,77.7,0,0
Germany,2000,4414303164,2535822065,2.4014,69002.63,10406,51736,15915,3167.95093,0,81977,0,0,0,0.869,0,36529,78,0,0
Germany,2001,4317017245,2742329707,2.39631,70648.69,10486,49989,14324,3245.82431,0,63660,0,0,0,0.876,0,37019,78.2,0,0
Germany,2002,3545971639,3324060970,2.4239,71545.71,10589,47598,12817,3260.09201,0,53825,0,0,0,0.883,0,36821,78.5,0,0
Germany,2003,4116085265,3579689300,2.46513,72368.78,10663,47818,12069,3295.27713,1102.20772,58738,0,0,0,0.889,0,36649,78.8,0,0
Germany,2004,4514202955,4466712873,2.4265,75429.31,10786,48448,13016,3309.57342,1076.26203,62582,0,0,0,0.899,0,37694,79,0,0
Germany,2005,7208115338,5743253424,2.42861,83968.28,11855,48367,12000,3335.03503,1159.00519,67223,0,0,0,0.9,0,38051,79.2,0,0
Germany,2006,7082602231,5161751714,2.46388,85233.18,12573,48012,10924,3434.56922,1214.18065,68820,0,0,0,0.91,0,39828,79.4,0,0
Germany,2007,7499376291,6307875662,2.44709,89413.66,13139,47853,10387,3578.50351,1318.31768,72806,1.70E+11,15.49717771,0,0.914,0,41080,79.6,0,0
Germany,2008,8632835619,7335720009,2.59957,91903.9,13177,49240,10759,3733.27645,1354.20763,70082,1.84E+11,15.13459684,0,0.916,0,41393,79.8,0,0
Germany,2009,7008622136,7212871240,2.72644,95453.2,11724,47859,8647,3922.21205,1380.22509,65723,1.59E+11,16.88175765,0,0.916,0,39673,80,0,0
Germany,2010,7115326142,8276542348,2.71367,97252.08,12198,47047,8713,4058.00596,1400.66219,65516,1.81E+11,17.00726106,80.8,0.92,0,41236,80.1,4.9,96.4
Germany,2011,7405166332,10723917539,2.79562,100768.62,12458,46986,8127,4188.80831,1725.48048,60614,2.03E+11,16.44902337,80.9,0.925,0,43770,80.3,4.8,96.6
Germany,2012,6396891368,10295613426,2.86813,105433.18,14720,46620,7879,4352.32261,1733.25114,56714,2.04E+11,17.35816002,81,0.927,0,43827,80.4,4.9,96.6
Germany,2013,8696432170,18028602139,2.82105,105730.82,15814,47353,7447,4366.6912,1709.52961,57049,2.10E+11,17.39516743,81.2,0.927,0,43888,80.5,4.9,96.6
Germany,2014,10729008199,23486335059,2.86691,108473.69,17811,48154,7853,4320.70432,1883.19568,63027,2.16E+11,17.29072942,81.5,0.93,0,44529,80.6,4.9,96.7
Germany,2015,10117945574,24082893580,2.91197,106452.92,19509,47384,7544,4743.7863,1909.85383,65263,2.00E+11,17.89304194,81.8,0.933,0,45012,80.8,4.8,96.5
Germany,2016,11295106926,28726730974,2.91712,108295.59,19419,48480,8121,4861.74717,1945.70514,65293,2.06E+11,18.21858982,82.2,0.936,0,45577,80.9,0,96.5
Germany,2017,14366177566,31138409911,3.03763,107803.17,19927,47785,9235,5076.51794,2006.65327,67470,1.96E+11,15.85630345,82.7,0.938,0,46438,81,0,96.5
Germany,2018,16060933608,36316807066,3.09415,104396.12,21281,46617,9550,5211.87408,0,65686,2.10E+11,15.77796239,83.1,0.939,0,46946,81.2,0,96.3
Germany,2019,16148860309,36170561429,0,0,0,0,0,0,0,0,2.07E+11,16.36822656,0,0,0,0,0,0,0
European Union,1960,0,0,0,0,0,0,0,0,0,0,0,0,0,0,0,0,0,0,0
European Union,1961,0,0,0,0,0,0,0,0,0,0,0,0,0,0,0,0,0,0,0
European Union,1962,0,0,0,0,0,0,0,0,0,0,0,0,0,0,0,0,0,0,0
European Union,1963,0,0,0,0,0,0,0,0,0,0,0,0,0,0,0,0,0,0,0
European Union,1964,0,0,0,0,0,0,0,0,0,0,0,0,0,0,0,0,0,0,0
European Union,1965,0,0,0,0,0,0,0,0,0,0,0,0,0,0,0,0,0,0,0
European Union,1966,0,0,0,0,0,0,0,0,0,0,0,0,0,0,0,0,0,0,0
European Union,1967,65193370.12,64640883.93,0,0,0,0,0,0,0,0,0,0,0,0,0,0,0,0,0
European Union,1968,73480662.93,58839778.96,0,0,0,0,0,0,0,0,0,0,0,0,0,0,0,0,0
European Union,1969,101933701.6,82872928.12,0,0,0,0,0,0,0,0,0,0,0,0,0,0,0,0,0
European Union,1970,169253192.9,116788043,0,0,0,0,0,0,0,0,0,0,0,0,0,0,0,0,0
European Union,1971,603669738.6,282429260.7,0,0,0,0,0,0,0,0,0,0,0,0,0,0,0,0,0
European Union,1972,723238282.7,340877016.5,0,0,0,0,0,0,0,0,0,0,0,0,0,0,0,0,0
European Union,1973,908575816.3,410821349,0,0,0,0,0,0,0,0,0,0,0,0,0,0,0,0,0
European Union,1974,1036235108,475242579.2,0,0,0,0,0,0,0,0,0,0,0,0,0,0,0,0,0
European Union,1975,1986618481,776875887.2,0,0,0,0,0,0,0,0,0,0,0,0,0,0,0,0,0
European Union,1976,2143881723,820384330,0,0,0,0,0,0,0,0,0,0,0,0,0,0,0,0,0
European Union,1977,2296888508,986948133.9,0,0,0,0,0,0,0,0,0,0,0,0,0,0,0,0,0
European Union,1978,2716706452,1220081719,0,0,0,0,0,0,0,0,0,0,0,0,0,0,0,0,0
European Union,1979,3597268017,1542707857,0,0,0,0,0,0,0,0,0,0,0,0,0,0,0,0,0
European Union,1980,4082768727,1749021489,0,0,94469,74893,42882,0,0,104704,0,0,0,0,0,0,0,0,0
European Union,1981,3619657106,1647857742,0,0,73428,68554,39420,0,0,93325,0,0,0,0,0,0,0,0,0
European Union,1982,3524019727,1464010722,0,0,67999,69900,40753,0,0,96001,0,0,0,0,0,0,0,0,0
European Union,1983,3568721937,1775098257,0,0,73969,72786,41085,0,0,89898,0,0,0,0,0,0,0,0,0
European Union,1984,3515717172,1493523855,0,0,59212,74176,43738,0,0,100069,0,0,0,0,0,0,0,0,0
European Union,1985,3934892191,1657692914,0,0,62463,74046,84913,0,0,125075,0,0,0,0,0,0,0,0,0
European Union,1986,5382046269,2323040256,0,0,50768,72122,88606,0,0,135449,0,0,0,0,0,0,0,0,0
European Union,1987,6815749787,3230214152,0,0,41163,73294,102852,0,0,166040,0,0,0,0,0,0,0,0,0
European Union,1988,8236657466,3773293135,0,0,48426,76118,125308,0,0,182131,0,0,0,0,0,0,0,0,0
European Union,1989,8611669047,3946377337,0,0,39821,72036,136778,0,0,196800,0,0,0,0,0,0,0,0,0
European Union,1990,11395084019,6176176099,0,0,35476,67172,0,0,0,0,0,0,0,0,0,0,0,0,0
European Union,1991,11675872828,5837407135,0,0,29099,66873,0,0,0,0,0,0,0,0,0,0,0,0,0
European Union,1992,12174932733,6316769603,0,0,25332,74536,0,0,0,0,0,0,0,0,0,0,0,0,0
European Union,1993,11918516227,6603962300,0,0,25214,77402,0,0,0,0,0,0,0,0,0,0,0,0,0
European Union,1994,12593530899,7705898301,0,0,24802,79361,196801,0,0,215505,0,0,0,0,0,0,0,0,0
European Union,1995,15021489543,8622885197,0,0,25388,72454,213469,0,0,231325,0,0,0,0,0,0,0,0,0
European Union,1996,15126547330,9117428826,0,0,27374,84577,174701,1967.742678,818.1176505,223981,0,0,0,0,0,0,0,0,0
European Union,1997,15209863543,9021127157,0,0,30910,80140,179125,1992.706469,0,245388,0,0,0,0,0,0,0,0,0
European Union,1998,16168701619,10154811915,0,0,30246,81964,190016,1980.778583,0,285277,0,0,0,0,0,0,0,0,0
European Union,1999,18305314500,12808027310,0,0,33521,92083,186752,2092.497433,0,314439,0,0,0,0,0,0,0,0,0
European Union,2000,17283500054,12773267100,0,289120.62,36277,96284,214017,2122.518183,0,356816,0,0,0,0,0,0,0,0,0
European Union,2001,16908937546,13358678206,0,298686.46,34285,85366,190015,2237.123719,0,296144,0,0,0,0,0,0,0,0,0
European Union,2002,18390922613,16559464064,0,309136.88,35284,83028,168980,2266.793424,0,277317,0,0,0,0,0,0,0,0,0
European Union,2003,22459444264,19230370019,0,320240.36,31381,82272,166960,2339.713432,0,267284,0,0,0,0,0,0,0,0,0
European Union,2004,46400361293,39245592547,0,341046.71,26111,83787,157913,2528.236118,973.660586,284668,0,0,0,0,0,0,0,0,0
European Union,2005,73696708775,46768621069,0,376760.04,23404,82973,141963,2601.253098,1002.122433,306575,0,0,0,0,0,0,0,0,0
European Union,2006,79993378126,48215909719,0,393954.02,19863,82673,129214,2690.846163,1081.669003,311712,0,0,0,0,0,0,0,0,0
European Union,2007,92370228280,61332910785,0,416809.27,19408,92853,118571,2769.301393,1138.781854,328587,5.66E+11,15.58282339,0,0,0,0,0,0,0
European Union,2008,1.17E+11,71797553238,0,437580.39,18361,94756,110382,2934.737507,1099.274154,315493,6.09E+11,15.35633781,0,0,0,0,0,0,0
European Union,2009,1.09E+11,68238554014,0,457380.81,16592,93676,83864,2990.616124,1190.140086,323803,5.26E+11,16.94653896,0,0,0,0,0,0,0
European Union,2010,1.12E+11,72047891789,0,469504.83,16956,94332,83948,3091.785588,1169.776864,344023,5.89E+11,16.86775879,0,0,0,0,0,0,0
European Union,2011,1.22E+11,82795493418,0,489695.69,17745,94116,79400,3129.790921,1308.787677,338828,6.58E+11,16.14529118,0,0,0,0,0,0,0
European Union,2012,1.20E+11,82528211753,0,511014.82,19908,92961,71605,3252.389482,1281.924868,318067,6.42E+11,16.66207295,0,0,0,0,0,0,0
European Union,2013,1.39E+11,94659899852,0,521686.4,21085,93229,66809,3331.867406,1312.088167,324438,6.75E+11,16.72177528,0,0,0,0,0,0,0
European Union,2014,1.72E+11,1.12E+11,0,536381.7,22949,92991,63812,3387.009332,1321.949424,333622,6.96E+11,16.78861154,0,0,0,0,0,0,0
European Union,2015,2.08E+11,1.13E+11,0,533692.6,23781,84301,53577,3532.067196,1374.952527,305836,6.30E+11,17.42757998,0,0,0,0,0,0,0
European Union,2016,1.73E+11,1.09E+11,0,535925.58,24854,93621,61092,3631.070257,1342.878162,342401,6.48E+11,17.57927585,0,0,0,0,0,0,0
European Union,2017,1.86E+11,1.24E+11,0,536753,25636,91618,63433,3840.156983,1420.506905,347159,6.45E+11,16.00169305,0,0,0,0,0,0,0
European Union,2018,2.01E+11,1.36E+11,0,524444.25,26639,89574,66468,3994.154854,0,349313,6.95E+11,15.62356232,0,0,0,0,0,0,0
European Union,2019,2.08E+11,1.36E+11,0,0,0,0,0,0,0,0,0,0,0,0,0,0,0,0,0
United Kingdom,1960,0.00E+00,0.00E+00,0,0,0,0,0,0,0,0,0,0,0,0,0,0,75.7,0,0
United Kingdom,1961,0.00E+00,0.00E+00,0,0,0,0,0,0,0,0,0,0,0,0,0,0,75.9,0,0
United Kingdom,1962,0.00E+00,0.00E+00,0,0,0,0,0,0,0,0,0,0,0,0,0,0,76.1,0,0
United Kingdom,1963,0.00E+00,0.00E+00,0,0,0,0,0,0,0,0,0,0,0,0,0,0,76.3,0,0
United Kingdom,1964,0.00E+00,0.00E+00,0,0,0,0,0,0,0,0,0,0,0,0,0,0,76.5,0,0
United Kingdom,1965,0.00E+00,0.00E+00,0,0,0,0,0,0,0,0,0,0,0,0,0,0,76.7,0,0
United Kingdom,1966,0.00E+00,0.00E+00,0,0,0,0,0,0,0,0,0,0,0,0,0,0,76.9,0,0
United Kingdom,1967,0.00E+00,0.00E+00,0,0,0,0,0,0,0,0,0,0,0,0,0,0,77.1,0,0
United Kingdom,1968,0.00E+00,0.00E+00,0,0,0,0,0,0,0,0,0,0,0,0,0,0,77.3,0,0
United Kingdom,1969,0.00E+00,0.00E+00,0,0,0,0,0,0,0,0,0,0,0,0,0,0,77.5,0,0
United Kingdom,1970,283199773.8,340799727.8,0,0,0,0,0,0,0,0,0,0,0,0,0,0,77.8,0,0
United Kingdom,1971,299450940.3,357770469.7,0,0,0,0,0,0,0,0,0,0,0,0,0,0,78,0,0
United Kingdom,1972,344806903.4,414465553.2,0,0,0,0,0,0,0,0,0,0,0,0,0,0,78.3,0,0
United Kingdom,1973,392037160.4,494946588.1,0,0,0,0,0,0,0,0,0,0,0,0,0,0,78.5,0,0
United Kingdom,1974,465540514.7,573064835.8,0,0,0,0,0,0,0,0,0,0,0,0,0,0,78.8,0,0
United Kingdom,1975,529813644,609148287.1,0,0,0,0,0,0,0,0,0,0,0,0,0,0,79.1,0,0
United Kingdom,1976,532968474.5,695748713.7,0,0,0,0,0,0,0,0,0,0,0,0,0,0,79.3,0,0
United Kingdom,1977,573322721.2,738818054,0,0,0,0,0,0,0,0,0,0,0,0,0,0,79.6,0,0
United Kingdom,1978,698415871.7,883117477.8,0,0,0,0,0,0,0,0,0,0,0,0,0,0,79.8,0,0
United Kingdom,1979,753020243.4,991008503.5,0,0,0,0,0,0,0,0,0,0,0,0,0,0,80.1,0,0
United Kingdom,1980,924694770.4,1135126607,0,0,22000,19612,10169,0,0,9933,0,0,0,0,0,0,80.4,0,0
United Kingdom,1981,900259104.2,1161183254,0,0,18406,20808,9666,0,0,11215,0,0,0,0,0,0,80.6,0,0
United Kingdom,1982,810989857.9,995518507.9,0,0,16563,20530,9844,0,0,10787,0,0,0,0,0,0,80.7,0,0
United Kingdom,1983,827232728.5,1062266137,0,0,14798,19893,10092,0,0,12008,0,0,0,0,0,0,80.9,0,0
United Kingdom,1984,903266514.8,1047765275,0,0,13735,19093,11035,0,0,11761,0,0,0,0,0,0,81,0,0
United Kingdom,1985,807266041.8,1161836267,0,0,12293,19672,11695,0,0,12628,0,0,0,0,0,0,81.1,0,0
United Kingdom,1986,1035088153,1239093432,0,0,11063,20040,14998,0,0,24155,0,0,0,0,0,0,81.1,0,0
United Kingdom,1987,1938146289,2018056605,0,0,10419,19945,14654,0,0,18745,0,0,0,0,0,0,81.2,0,0
United Kingdom,1988,2331718495,2411849759,0,0,9935,20536,17849,0,0,20157,0,0,0,0,0,0,81.2,0,0
United Kingdom,1989,2600777859,2603690903,0,0,9637,19732,19022,0,0,21030,0,0,0,0,0,0,0,0,0
United Kingdom,1990,3574748480,3055033020,0,0,8928,19310,19618,0,0,20014,0,0,0,0.775,0,26485,0,0,0
United Kingdom,1991,3370457081,3339481528,0,0,8357,19230,18969,0,0,16014,0,0,0,0.787,0,26133,0,0,0
United Kingdom,1992,3577319474,4190099803,0,0,7839,18848,19154,0,0,16814,0,0,0,0.801,0,26228,0,0,0
United Kingdom,1993,3603459888,4355381733,0,0,7922,18727,17813,0,0,16951,0,0,0,0.813,0,26800,0,0,0
United Kingdom,1994,4472337548,5319050532,0,0,8081,18384,21168,0,0,19876,0,0,0,0.827,0,27864,0,0,0
United Kingdom,1995,5198358488,6080093957,0,0,8891,18630,17269,0,0,19474,0,0,0,0.839,0,28410,0,0,0
United Kingdom,1996,6320330299,6655053056,1.58684,0,9821,18184,12646,2490.55483,0,20400,0,0,0,0.844,0,29072,0,0,0
United Kingdom,1997,6137005611,6790442218,1.5445,0,10171,17938,13989,2497.82047,0,21955,0,0,0,0.849,0,30283,0,0,0
United Kingdom,1998,6652282989,7070738734,1.55911,0,10083,19530,15738,2694.6175,0,21010,0,0,0,0.855,0,31365,0,0,0
United Kingdom,1999,6555853315,6204619545,1.64171,0,10399,21333,15892,2853.96564,0,22048,0,0,0,0.861,0,32056,0,0,0
United Kingdom,2000,5925200262,6748824108,1.62649,77244.9,10697,22050,17112,2894.5148,0,25438,0,0,0,0.867,0,33278,0,0,0
United Kingdom,2001,6036882474,6841734527,1.61903,73779.92,10658,21423,15867,3080.69401,0,20824,0,0,0,0.871,0,34209,0,0,0
United Kingdom,2002,7804327542,6952779152,1.6254,74814.46,10907,20624,13601,3340.22179,0,21705,0,0,0,0.874,0,35116,0,0,0
United Kingdom,2003,8120302930,7982305128,1.5895,75564.08,11198,20426,12920,3638.09033,0,21274,0,0,0,0.878,0,36116,0,0,0
United Kingdom,2004,8984971586,9718241524,1.5423,79249.97,10776,19178,13717,3824.26193,0,22475,0,0,0,0.886,0,36670,0,0,0
United Kingdom,2005,9611023572,14288308431,1.5612,84940.1,10155,17833,11314,4123.53188,688.25524,24186,0,0,0,0.89,0,37682,0,0,0
United Kingdom,2006,9613873706,14489397701,1.58285,88142.47,8261,17484,11291,4176.31268,725.70233,26765,0,0,0,0.889,0,37882,0,0,0
United Kingdom,2007,8766712827,16042991073,1.62165,91212.76,7624,17375,11041,4111.14041,853.49869,29003,69643938581,21.11749192,0,0.892,0,38325,0,0,0
United Kingdom,2008,10268550459,14407454813,1.62307,91357.74,6856,16523,9580,4053.92721,894.86867,25511,68244894936,20.83815071,0,0.896,0,37721,0,0,0
United Kingdom,2009,9806948655,13816472855,1.6825,93803.37,6480,15985,8664,4076.55189,918.9098,25182,49442450948,20.80359547,0,0.899,0,35907,0,0,0
United Kingdom,2010,10168424907,14202642213,1.66063,93791.51,6439,15490,9441,4043.26715,934.29414,26814,67432951910,23.54890036,63.5,0.905,0,36534,0,5.8,99.8
United Kingdom,2011,11025788275,14841796574,1.66488,95820.1,6916,15343,7840,3926.11787,1140.06267,31273,76724121952,23.5783443,64,0.899,0,36966,0,5.7,99.9
United Kingdom,2012,9733764123,13449634698,1.59382,98144.92,7865,15370,7674,3969.85915,1061.34473,35239,74212593263,23.80008493,64.5,0.897,0,36707,0,5.7,83.2
United Kingdom,2013,10702369086,17673460192,1.63938,99228.41,7966,14972,7838,4119.45134,1188.21523,42167,75593926804,23.87652791,65,0.914,0,36825,0,5.6,83
United Kingdom,2014,12175623774,19872519387,1.65915,99384.79,7844,15196,8406,4227.62028,1255.49029,46388,76895178085,22.47136356,65.4,0.918,0,37627,0,5.7,82.9
United Kingdom,2015,12924492291,20700544058,1.66818,99616.02,7934,14867,8668,4319.50151,1349.98182,49223,75619201291,22.6715725,65.9,0.916,0,38116,0,5.6,82.9
United Kingdom,2016,11821309424,19176709831,1.68211,99366.17,8183,13876,12980,4357.93303,1305.4251,54073,75001628651,23.98313597,66.3,0.918,0,38421,0,5.5,83.5
United Kingdom,2017,12289529454,22845450301,1.69829,99128.72,8771,13301,20594,4341.15124,0,63158,75275694845,23.13511086,66.7,0.919,0,39216,0,0,84
United Kingdom,2018,14480392665,26253050675,1.72412,97680.9,8076,12865,28082,4603.31022,0,66833,76926541023,22.64313741,67.1,0.92,0,39507,0,0,84.5
United Kingdom,2019,16936039727,25289389061,0,0,0,0,0,0,0,0,77909845011,23.41450405,0,0,0,0,0,0,0
Israel,1960,1000000,0,0,0,0,0,0,0,0,0,0,0,0,0,0,0,76.6,0,0
Israel,1961,2000000,0,0,0,0,0,0,0,0,0,0,0,0,0,0,0,76.8,0,0
Israel,1962,0,0,0,0,0,0,0,0,0,0,0,0,0,0,0,0,77.1,0,0
Israel,1963,0,0,0,0,0,0,0,0,0,0,0,0,0,0,0,0,77.3,0,0
Israel,1964,0,0,0,0,0,0,0,0,0,0,0,0,0,0,0,0,77.5,0,0
Israel,1965,2000000,0,0,0,0,0,0,0,0,0,0,0,0,0,0,0,77.8,0,0
Israel,1966,2000000,0,0,0,0,0,0,0,0,0,0,0,0,0,0,0,78,0,0
Israel,1967,2000000,0,0,0,0,0,0,0,0,0,0,0,0,0,0,0,78.2,0,0
Israel,1968,3000000,0,0,0,0,0,0,0,0,0,0,0,0,0,0,0,78.4,0,0
Israel,1969,3000000,0,0,0,0,0,0,0,0,0,0,0,0,0,0,0,78.7,0,0
Israel,1970,3000000,0,0,0,0,0,0,0,0,0,0,0,0,0,0,0,78.9,0,0
Israel,1971,4000000,0,0,0,0,0,0,0,0,0,0,0,0,0,0,0,79.2,0,0
Israel,1972,6000000,0,0,0,0,0,0,0,0,0,0,0,0,0,0,0,79.4,0,0
Israel,1973,4000000,0,0,0,0,0,0,0,0,0,0,0,0,0,0,0,79.7,0,0
Israel,1974,8000000,4000000,0,0,0,0,0,0,0,0,0,0,0,0,0,0,80,0,0
Israel,1975,9000000,5000000,0,0,0,0,0,0,0,0,0,0,0,0,0,0,80.3,0,0
Israel,1976,9000000,6000000,0,0,0,0,0,0,0,0,0,0,0,0,0,0,80.5,0,0
Israel,1977,11000000,12000000,0,0,0,0,0,0,0,0,0,0,0,0,0,0,80.8,0,0
Israel,1978,8000000,9000000,0,0,0,0,0,0,0,0,0,0,0,0,0,0,81,0,0
Israel,1979,7000000,10000000,0,0,0,0,0,0,0,0,0,0,0,0,0,0,81.3,0,0
Israel,1980,3000000,12000000,0,0,2104,669,3601,0,0,659,0,0,0,0,0,0,81.5,0,0
Israel,1981,31000000,13900000,0,0,2132,727,3506,0,0,684,0,0,0,0,0,0,81.7,0,0
Israel,1982,39300000,20800000,0,0,2207,707,3190,0,0,692,0,0,0,0,0,0,81.8,0,0
Israel,1983,33900000,21800000,0,0,2295,687,1481,0,0,588,0,0,0,0,0,0,82,0,0
Israel,1984,33300000,27600000,0,0,2690,696,1334,0,0,688,0,0,0,0,0,0,82.2,0,0
Israel,1985,24900000,32600000,0,0,2727,790,1295,0,0,757,0,0,0,0,0,0,82.3,0,0
Israel,1986,31000000,34600000,0,0,2830,819,1531,0,0,866,0,0,0,0,0,0,82.5,0,0
Israel,1987,46700000,41500000,0,0,3035,823,1699,0,0,1145,0,0,0,0,0,0,82.7,0,0
Israel,1988,55500000,62000000,0,0,2859,995,1915,0,0,843,0,0,0,0,0,0,82.8,0,0
Israel,1989,64300000,55100000,0,0,3048,1042,2330,0,0,956,0,0,0,0,0,0,0,0,0
Israel,1990,73100000,62900000,0,0,2856,1052,2209,0,0,1020,0,0,0,0.792,0,20001,0,0,0
Israel,1991,85900000,70400000,0,0,2630,1087,2248,0,0,1063,0,0,0,0.8,0,20469,0,0,0
Israel,1992,103300000,96100000,0,0,2327,1400,2306,0,0,1107,0,0,0,0.807,0,21259,0,0,0
Israel,1993,111300000,92000000,0,0,2635,1318,2590,0,0,1318,0,0,0,0.813,0,21553,0,0,0
Israel,1994,148300000,115500000,0,0,2701,1261,3977,0,0,1781,0,0,0,0.818,0,22535,0,0,0
Israel,1995,155500000,134300000,0,0,3159,1266,4498,0,0,1743,0,0,0,0.824,0,23489,0,0,0
Israel,1996,183300000,158200000,2.59385,0,2101,1218,4947,0,0,1955,0,0,0,0.828,0,23984,0,0,0
Israel,1997,195300000,177100000,2.80908,0,1445,1441,5493,0,0,1891,0,0,0,0.836,0,24212,0,0,0
Israel,1998,212700000,215600000,2.92076,0,3106,1950,5911,0,0,2103,0,0,0,0.843,0,24526,0,0,0
Israel,1999,269600000,253500000,3.33293,0,3904,2053,6147,0,0,2612,0,0,0,0.85,0,24420,0,0,0
Israel,2000,360600000,496100000,3.93624,9245.52,5203,1599,8733,0,0,2997,0,0,0,0.853,0,25092,0,0,0
Israel,2001,459600000,425200000,4.18772,9290.11,5521,1248,6468,0,0,2468,0,0,0,0.857,0,25073,0,0,0
Israel,2002,461800000,420200000,4.13345,9669.6,5095,1213,4827,0,0,2842,0,0,0,0.865,0,24713,0,0,0
Israel,2003,433400000,425200000,3.89787,9844.56,4569,1329,5127,0,0,2196,0,0,0,0.865,0,24510,0,0,0
Israel,2004,490700000,504700000,3.87732,10309.14,4870,1544,5237,0,0,2731,0,0,0,0.867,0,25287,0,0,0
Israel,2005,541900000,574100000,4.05153,10460.49,5157,1669,6159,0,0,2816,0,0,0,0.871,0,26375,0,0,0
Israel,2006,680800000,593000000,4.14236,11009.5,6154,1342,6778,0,0,3475,0,0,0,0.872,0,27494,0,0,0
Israel,2007,912800000,785800000,4.42769,11192.87,6394,1615,7285,0,0,3293,3121661000,7.617197713,0,0.881,0,28643,0,0,0
Israel,2008,908300000,956700000,4.34517,11328.61,6214,1528,7544,0,0,3198,9662205000,17.11994792,0,0.88,0,28431,0,0,0
Israel,2009,898600000,762600000,4.13326,11173.52,5387,1387,5572,0,0,2734,10540545000,23.54429089,0,0.882,0,27942,0,0,0
Israel,2010,831500000,849400000,3.93984,10914.56,5856,1450,6209,0,0,2569,10584992000,19.4524219,7.3,0.887,0,29110,0,5.5,84.7
Israel,2011,1068300000,1099500000,4.01151,11248.86,5526,1360,5756,0,0,2514,11681717000,18.50422989,7.5,0.892,0,30157,0,5.6,85.4
Israel,2012,1111700000,1056500000,4.15735,11622.78,5473,1319,6160,0,0,2186,11565015000,19.89303838,7.6,0.893,0,29852,0,5.7,85.8
Israel,2013,998000000,1006700000,4.09218,11395.49,4984,1201,6381,0,0,2244,11744185000,19.02222478,7.7,0.895,0,30679,0,5.9,88.4
Israel,2014,1135700000,1281000000,4.16793,12112.79,5148,1125,6576,0,0,2379,12408980000,19.40171876,7.9,0.9,0,31728,0,5.8,88.8
Israel,2015,1061600000,1096100000,4.25592,12048.66,5623,1285,6718,0,0,2507,13753939000,22.88378688,8,0.901,0,31814,0,5.9,88.8
Israel,2016,1202100000,1265200000,4.50574,12244.1,5119,1300,6757,0,0,2341,12199784000,21.816044,8.1,0.902,0,32428,0,0,89.1
Israel,2017,1351600000,1264300000,4.81602,12270.41,5377,1436,6915,0,0,2568,12057719000,21.36495058,8.2,0.904,0,32860,0,0,89.1
Israel,2018,1381900000,1273100000,4.95278,12234.69,5857,1506,7403,0,0,2622,12971903000,22.83081039,8.4,0.906,0,33650,0,0,89.1
Israel,2019,1520200000,1579200000,0,0,0,0,0,0,0,0,0,0,0,0,0,0,0,0,0
North America,1960,0,0,0,0,0,0,0,0,0,0,0,0,0,0,0,0,0,0,0
North America,1961,0,0,0,0,0,0,0,0,0,0,0,0,0,0,0,0,0,0,0
North America,1962,0,0,0,0,0,0,0,0,0,0,0,0,0,0,0,0,0,0,0
North America,1963,0,0,0,0,0,0,0,0,0,0,0,0,0,0,0,0,0,0,0
North America,1964,0,0,0,0,0,0,0,0,0,0,0,0,0,0,0,0,0,0,0
North America,1965,0,0,0,0,0,0,0,0,0,0,0,0,0,0,0,0,0,0,0
North America,1966,0,0,0,0,0,0,0,0,0,0,0,0,0,0,0,0,0,0,0
North America,1967,0,0,0,0,0,0,0,0,0,0,0,0,0,0,0,0,0,0,0
North America,1968,0,0,0,0,0,0,0,0,0,0,0,0,0,0,0,0,0,0,0
North America,1969,0,0,0,0,0,0,0,0,0,0,0,0,0,0,0,0,0,0,0
North America,1970,220000000,2330000000,0,0,0,0,0,0,0,0,0,0,0,0,0,0,0,0,0
North America,1971,240000000,2550000000,0,0,0,0,0,0,0,0,0,0,0,0,0,0,0,0,0
North America,1972,300000000,2780000000,0,0,0,0,0,0,0,0,0,0,0,0,0,0,0,0,0
North America,1973,400000000,3230000000,0,0,0,0,0,0,0,0,0,0,0,0,0,0,0,0,0
North America,1974,360000000,3830000000,0,0,0,0,0,0,0,0,0,0,0,0,0,0,0,0,0
North America,1975,480000000,4310000000,0,0,0,0,0,0,0,0,0,0,0,0,0,0,0,0,0
North America,1976,500000000,4370000000,0,0,0,0,0,0,0,0,0,0,0,0,0,0,0,0,0
North America,1977,510000000,4920000000,0,0,0,0,0,0,0,0,0,0,0,0,0,0,0,0,0
North America,1978,670000000,5880000000,0,0,0,0,0,0,0,0,0,0,0,0,0,0,0,0,0
North America,1979,850000000,6190000000,0,0,0,0,0,0,0,0,0,0,0,0,0,0,0,0,0
North America,1980,730000000,7080000000,0,0,64930,63746,11650,0,0,50406,0,0,0,0,0,0,0,0,0
North America,1981,1245526017,7317516793,0,0,67276,64568,12404,0,0,56967,0,0,0,0,0,0,0,0,0
North America,1982,1476790445,5642395938,0,0,70192,65316,12814,0,0,67333,0,0,0,0,0,0,0,0,0
North America,1983,1658907414,5821357117,0,0,68002,61408,14243,0,0,58758,0,0,0,0,0,0,0,0,0
North America,1984,1968410514,6216279243,0,0,74152,63867,16195,0,0,66449,0,0,0,0,0,0,0,0,0
North America,1985,1967907069,6729066743,0,0,77044,65765,20101,0,0,66471,0,0,0,0,0,0,0,0,0
North America,1986,2337850028,8170335106,0,0,81317,67356,21130,0,0,69373,0,0,0,0,0,0,0,0,0
North America,1987,2837475172,10244071810,0,0,90120,70842,20428,0,0,70131,0,0,0,0,0,0,0,0,0
North America,1988,3904288288,12252070213,0,0,97513,77964,24129,0,0,79050,0,0,0,0,0,0,0,0,0
North America,1989,3976481740,13942561167,0,0,108397,85401,28110,0,0,92575,0,0,0,0,0,0,0,0,0
North America,1990,4803737469,16874647916,0,0,104895,93192,32386,0,0,120641,0,0,0,0,0,0,0,0,0
North America,1991,5828570111,18164305753,0,0,105257,90137,29528,0,0,117304,0,0,0,0,0,0,0,0,0
North America,1992,6874795353,21286988895,0,0,113872,95232,29068,0,0,122644,0,0,0,0,0,0,0,0,0
North America,1993,6717650281,22213221992,0,0,107548,103578,30491,0,0,144865,0,0,0,0,0,0,0,0,0
North America,1994,7615749602,27319169306,0,0,120205,109713,34681,0,0,154104,0,0,0,0,0,0,0,0,0
North America,1995,8801422401,31023308255,0,0,128341,126393,38829,0,0,178725,0,0,0,0,0,0,0,0,0
North America,1996,9787307887,33347095727,0,0,130041,109475,44031,3134.084161,0,201820,0,0,0,0,0,0,0,0,0
North America,1997,11448741106,34391006889,0,0,126520,122558,49894,3232.461655,0,217472,0,0,0,0,0,0,0,0,0
North America,1998,13827204790,37158420478,0,0,132409,138542,56383,3385.027224,0,225618,0,0,0,0,0,0,0,0,0
North America,1999,16514822610,49379658126,0,0,149701,153312,50903,3445.061167,0,250223,0,0,0,0,0,0,0,0,0
North America,2000,20170235579,54130901618,0,338700.1794,166535,168982,65416,3499.419887,0,273300,0,0,0,0,0,0,0,0,0
North America,2001,20204578555,52021923682,0,339051.4961,184711,181476,56376,3581.247639,0,199027,0,0,0,0,0,0,0,0,0
North America,2002,23972912201,56434964576,0,355528.2406,185982,188204,50610,3658.778392,0,198761,0,0,0,0,0,0,0,0,0
North America,2003,24713962204,59819417256,0,367508.9726,186799,192870,50474,3896.735199,0,209977,0,0,0,0,0,0,0,0,0
North America,2004,30146200016,70276299993,0,395902.707,200377,194767,59016,3819.473081,0,231238,0,0,0,0,0,0,0,0,0
North America,2005,32536129029,77321468639,0,431911.5356,217571,213050,62432,3792.448661,0,243077,0,0,0,0,0,0,0,0,0
North America,2006,32125760777,86909258698,0,434756.3251,240698,227306,67836,3857.187246,0,253306,0,0,0,0,0,0,0,0,0
North America,2007,34646385728,1.02E+11,0,444146.5358,249940,246345,73687,3861.322258,0,277572,2.75E+11,26.89215362,0,0,0,0,0,0,0
North America,2008,38552783215,1.06E+11,0,447359.295,261761,236649,72042,4012.356708,0,266303,2.77E+11,25.92175779,0,0,0,0,0,0,0
North America,2009,40228382966,1.02E+11,0,454814.7888,263604,229979,63191,4125.958513,0,243708,1.80E+11,23.68056289,0,0,0,0,0,0,0
North America,2010,42291077394,1.10E+11,0,465199.8382,279148,246527,69369,3960.477819,0,257313,1.96E+11,21.66216942,0,0,0,0,0,0,0
North America,2011,46509308426,1.27E+11,0,481645.0768,286189,252504,75503,4101.870318,0,278178,1.98E+11,19.83030657,0,0,0,0,0,0,0
North America,2012,49572189358,1.28E+11,0,487696.7944,304566,273491,79735,4054.05022,0,283700,2.06E+11,19.71226921,0,0,0,0,0,0,0
North America,2013,50672258442,1.33E+11,0,489565.3488,313955,292398,81485,4144.070247,0,291674,2.05E+11,19.68949914,0,0,0,0,0,0,0
North America,2014,53706921237,1.34E+11,0,494060.6512,324989,289294,88967,4238.975733,0,304638,2.09E+11,19.846489,0,0,0,0,0,0,0
North America,2015,51350248818,1.29E+11,0,490615.1679,333762,292612,101615,4293.414053,0,325822,2.07E+11,20.73039543,0,0,0,0,0,0,0
North America,2016,58562930520,1.29E+11,0,487402.0585,340911,299405,123704,4260.005847,0,324202,2.03E+11,21.49055201,0,0,0,0,0,0,0
North America,2017,65280374228,1.31E+11,0,492524.73,344021,297957,150774,4403.66264,0,356351,1.85E+11,18.79578002,0,0,0,0,0,0,0
North America,2018,67930926756,1.34E+11,0,482867.0685,343858,289444,158374,0,0,369470,1.87E+11,18.33019082,0,0,0,0,0,0,0
North America,2019,68478841336,1.34E+11,0,0,0,0,0,0,0,0,1.89E+11,18.65861151,0,0,0,0,0,0,0
South Africa,1960,5599997.762,0.00E+00,0,0,0,0,0,0,0,0,0,0,0,0,0,0,0,0,0
South Africa,1961,5599997.762,0.00E+00,0,0,0,0,0,0,0,0,0,0,0,0,0,0,0,0,0
South Africa,1962,8399996.643,2799998.881,0,0,0,0,0,0,0,0,0,0,0,0,0,0,0,0,0
South Africa,1963,15399993.85,1399999.441,0,0,0,0,0,0,0,0,0,0,0,0,0,0,0,0,0
South Africa,1964,15399993.85,2799998.881,0,0,0,0,0,0,0,0,0,0,0,0,0,0,0,0,0
South Africa,1965,26599989.37,2799998.881,0,0,0,0,0,0,0,0,0,0,0,0,0,0,0,0,0
South Africa,1966,26599989.37,2799998.881,0,0,0,0,0,0,0,0,0,0,0,0,0,0,0,0,0
South Africa,1967,32199987.13,4199998.322,0,0,0,0,0,0,0,0,0,0,0,0,0,0,0,0,0
South Africa,1968,37799984.9,5599997.762,0,0,0,0,0,0,0,0,0,0,0,0,0,0,0,0,0
South Africa,1969,39199984.34,2799998.881,0,0,0,0,0,0,0,0,0,0,0,0,0,0,0,0,0
South Africa,1970,46199981.54,4199998.322,0,0,0,0,0,0,0,0,0,0,0,0,0,0,0,0,0
South Africa,1971,47527375.68,6985476.142,0,0,0,0,0,0,0,0,0,0,0,0,0,0,0,0,0
South Africa,1972,63773980.21,10251867.97,0,0,0,0,0,0,0,0,0,0,0,0,0,0,0,0,0
South Africa,1973,78078851.9,5773073.196,0,0,0,0,0,0,0,0,0,0,0,0,0,0,0,0,0
South Africa,1974,72148373.09,7377986.349,0,0,0,0,0,0,0,0,0,0,0,0,0,0,0,0,0
South Africa,1975,107043108,8305088.206,0,0,0,0,0,0,0,0,0,0,0,0,0,0,0,0,0
South Africa,1976,110399999.9,10349999.99,0,0,0,0,0,0,0,0,0,0,0,0,0,0,0,0,0
South Africa,1977,136849999.9,10349999.99,0,0,0,0,0,0,0,0,0,0,0,0,0,0,0,0,0
South Africa,1978,171349999.9,9199999.992,0,0,0,0,0,0,0,0,0,0,0,0,0,0,0,0,0
South Africa,1979,164006636.6,11892085.27,0,0,0,0,0,0,0,0,0,0,0,0,0,0,0,0,0
South Africa,1980,204629390.2,16688942.5,0,0,5024,3092,3632,0,0,4950,0,0,0,0,0,0,0,0,0
South Africa,1981,218680439.9,18119817.26,0,0,5694,3340,4002,0,0,5889,0,0,0,0,0,0,0,0,0
South Africa,1982,194254166,18482154.73,0,0,6585,3017,4373,0,0,5635,0,0,0,0,0,0,0,0,0
South Africa,1983,204832559.1,17970565.3,0,0,5479,4240,3675,0,0,4615,0,0,0,0,0,0,0,0,0
South Africa,1984,165864362.6,13899193.06,0,0,6275,3874,4135,0,0,5071,0,0,0,0,0,0,0,0,0
South Africa,1985,120290310.7,10799651.52,0,0,5849,4051,0,0,0,0,0,0,0,0,0,0,0,0,0
South Africa,1986,127663446.3,12689753.83,0,0,5046,4730,2826,0,0,5833,0,0,0,0,0,0,0,0,0
South Africa,1987,175919698.1,14743861.88,0,0,4844,4922,2894,0,0,7689,0,0,0,0,0,0,0,0,0
South Africa,1988,166062727.5,14142618.57,0,0,4905,4829,3084,0,0,7373,0,0,0,0,0,0,0,0,0
South Africa,1989,143844302.2,12182024.78,0,0,4842,5134,3333,0,0,6328,0,0,0,0,0,0,0,0,0
South Africa,1990,131507350.7,18910416.85,0,0,4943,1093,3345,0,0,7528,0,0,0,0.625,0,9588,63.3,0,0
South Africa,1991,140681952.7,89679379.8,0,0,4654,1023,3549,0,0,7051,0,0,0,0.632,0,9349,63.4,0,0
South Africa,1992,139317392.8,53306031.24,0,0,4423,888,4030,0,0,6961,0,0,0,0.64,0,8951,63.2,0,0
South Africa,1993,124008809,50402694.41,0,0,4282,904,6678,0,0,7501,0,0,0,0.646,0,8855,62.9,0,0
South Africa,1994,113789335.3,51273706.56,0,0,4968,935,6280,0,0,7783,0,0,0,0.648,0,8951,62.3,0,0
South Africa,1995,293134700.5,44672003.89,0,0,5482,883,8043,0,0,9044,0,0,0,0.652,0,9023,61.6,0,0
South Africa,1996,309240134.8,66941851.73,0,0,6115,757,8281,0,0,10223,0,0,0,0.649,0,9210,60.6,0,0
South Africa,1997,258245886.8,52112946.02,0.58354,0,6917,355,9118,198.49974,151.74192,11218,0,0,0,0.644,0,9286,59.5,0,0
South Africa,1998,227549342.3,48962908.64,0,0,7190,200,9001,0,0,14599,0,0,0,0.638,0,9167,58.3,0,0
South Africa,1999,212784401.7,44195432.66,0,0,3002,138,9785,0,0,14153,0,0,0,0.633,0,9244,57.1,0,0
South Africa,2000,245895910.2,49094178.93,0,3897.55,2400,895,12169,0,0,13509,0,0,0,0.629,0,9498,56,0,0
South Africa,2001,329528506.3,21490396.23,0.71578,4099.38,5427,966,8942,311.20482,74.03787,12959,0,0,0,0.61,0,9556,55.1,0,0
South Africa,2002,446513324,19454588.57,0,4413.16,5617,983,7832,0,0,12535,0,0,0,0.618,0,9842,54.3,0,0
South Africa,2003,616743679.5,26550160.13,0.76051,4267.39,5303,922,8092,302.46454,110.06183,14676,0,0,0,0.617,0,9985,53.7,0,0
South Africa,2004,891018800.3,37391888.59,0.81334,4831.02,5833,956,8844,378.80948,109.44225,14982,0,0,0,0.618,0,10388,53.4,0,0
South Africa,2005,1070615302,45302063.01,0.86315,5174.46,6001,1003,10850,361.3785,109.61099,16985,0,0,0,0.62,0,10798,53.4,0,0
South Africa,2006,1281749087,55106998.01,0.89815,5715.98,6739,866,11778,383.02655,130.57869,20017,0,0,0,0.624,0,11257,53.8,0,0
South Africa,2007,1596250885,75106030.26,0.88287,5938.9,7402,915,17921,393.33011,123.38131,17080,1933241745,5.886383453,0,0.631,0,11545,54.5,0,0
South Africa,2008,1675904017,78842738.13,0.88816,6343.81,7081,860,13875,389.4041,120.9816,16032,2088731883,5.421060719,0,0.644,0,11777,55.4,0,0
South Africa,2009,1658023465,75704499.36,0.83562,7114.73,5913,822,10487,392.12037,114.74907,16134,1491786653,5.854819003,0,0.654,0,11535,56.5,0,0
South Africa,2010,1941103069,113985144.6,0.73704,7601.07,5562,821,12509,365.49511,105.62145,18040,2396111473,5.973654028,51.2,0.662,0,11723,57.7,5.7,71.6
South Africa,2011,2117898971,134505552.1,0.73451,8293.8,6589,656,13962,386.80015,107.04727,19522,2696075884,6.059117594,52,0.663,0,11868,58.9,6,72.2
South Africa,2012,2017094892,124888029.2,0.73363,9105.71,6836,608,14105,404.71937,124.58771,20499,2848376245,6.631055226,52.8,0.673,0,11923,60.1,6.4,74.3
South Africa,2013,1936791712,119974977.6,0.72488,9709.05,6657,638,15199,434.85308,128.6247,20871,2633031431,6.501821684,53.7,0.683,0,12038,61.1,6,74.6
South Africa,2014,1731992059,116468991.1,0.77115,10349.9,6750,802,14943,432.16155,141.7438,20475,2829000147,6.641668292,54.5,0.691,0,12063,62,6,74.9
South Africa,2015,1708385694,103118206.7,0.79846,10964.38,6608,889,15430,472.30756,138.81214,21543,2669358887,6.965006392,55.4,0.699,0,12052,62.6,6,74.9
South Africa,2016,1984245344,109422730.8,0.81882,12045.47,6506,704,15242,492.03626,134.55643,22734,2248150985,6.241870775,56.2,0.702,0,11908,63.2,5.9,75.7
South Africa,2017,2124316253,119040051.6,0.83215,12846.08,6816,728,10224,517.72191,129.50941,16027,2040001338,5.215836001,57,0.704,0,11864,63.5,6.1,75.7
South Africa,2018,1817432556,120715706.7,0,13008.74,6258,657,15987,0,0,22550,2239945787,5.319693778,57.8,0.705,0,11756,63.9,0,76.5
South Africa,2019,1649467140,108148202.2,0,0,0,0,0,0,0,0,0,0,0,0,0,0,0,0,0
Zambia,1960,0,0,0,0,0,0,0,0,0,0,0,0,0,0,0,0,0,0,0
Zambia,1961,0,0,0,0,0,0,0,0,0,0,0,0,0,0,0,0,0,0,0
Zambia,1962,0,0,0,0,0,0,0,0,0,0,0,0,0,0,0,0,0,0,0
Zambia,1963,0,0,0,0,0,0,0,0,0,0,0,0,0,0,0,0,0,0,0
Zambia,1964,0,0,0,0,0,0,0,0,0,0,0,0,0,0,0,0,0,0,0
Zambia,1965,0,0,0,0,0,0,0,0,0,0,0,0,0,0,0,0,0,0,0
Zambia,1966,0,0,0,0,0,0,0,0,0,0,0,0,0,0,0,0,0,0,0
Zambia,1967,0,0,0,0,0,0,0,0,0,0,0,0,0,0,0,0,0,0,0
Zambia,1968,0,0,0,0,0,0,0,0,0,0,0,0,0,0,0,0,0,0,0
Zambia,1969,0,0,0,0,0,0,0,0,0,0,0,0,0,0,0,0,0,0,0
Zambia,1970,0,0,0,0,0,0,0,0,0,0,0,0,0,0,0,0,0,0,0
Zambia,1971,0,0,0,0,0,0,0,0,0,0,0,0,0,0,0,0,0,0,0
Zambia,1972,0,0,0,0,0,0,0,0,0,0,0,0,0,0,0,0,0,0,0
Zambia,1973,0,0,0,0,0,0,0,0,0,0,0,0,0,0,0,0,0,0,0
Zambia,1974,0,0,0,0,0,0,0,0,0,0,0,0,0,0,0,0,0,0,0
Zambia,1975,0,0,0,0,0,0,0,0,0,0,0,0,0,0,0,0,0,0,0
Zambia,1976,0,0,0,0,0,0,0,0,0,0,0,0,0,0,0,0,0,0,0
Zambia,1977,0,0,0,0,0,0,0,0,0,0,0,0,0,0,0,0,0,0,0
Zambia,1978,0,0,0,0,0,0,0,0,0,0,0,0,0,0,0,0,0,0,0
Zambia,1979,0,0,0,0,0,0,0,0,0,0,0,0,0,0,0,0,0,0,0
Zambia,1980,0,0,0,0,113,2,426,0,0,28,0,0,0,0,0,0,0,0,0
Zambia,1981,0,0,0,0,107,1,393,0,0,11,0,0,0,0,0,0,0,0,0
Zambia,1982,0,0,0,0,91,1,280,0,0,29,0,0,0,0,0,0,0,0,0
Zambia,1983,0,0,0,0,91,1,297,0,0,19,0,0,0,0,0,0,0,0,0
Zambia,1984,0,0,0,0,79,0,287,0,0,25,0,0,0,0,0,0,0,0,0
Zambia,1985,0,0,0,0,105,0,236,0,0,25,0,0,0,0,0,0,0,0,0
Zambia,1986,0,0,0,0,108,0,202,0,0,33,0,0,0,0,0,0,0,0,0
Zambia,1987,0,0,0,0,99,0,220,0,0,34,0,0,0,0,0,0,0,0,0
Zambia,1988,0,0,0,0,74,7,231,0,0,33,0,0,0,0,0,0,0,0,0
Zambia,1989,0,0,0,0,50,3,310,0,0,15,0,0,0,0,0,0,0,0,0
Zambia,1990,0,0,0,0,50,7,311,0,0,14,0,0,0,0.424,0,2140,49.2,0,0
Zambia,1991,0,0,0,0,47,1,427,0,0,45,0,0,0,0.421,0,2020,48.1,0,0
Zambia,1992,0,0,0,0,64,7,395,0,0,25,0,0,0,0.42,0,1969,47,0,0
Zambia,1993,0,0,0,0,60,4,419,0,0,41,0,0,0,0.422,0,2101,45.9,0,0
Zambia,1994,0,0,0,0,0,0,0,0,0,0,0,0,0,0.418,0,1900,45,0,0
Zambia,1995,0,0,0,0,39,4,696,0,0,105,0,0,0,0.419,0,1909,44.2,0,0
Zambia,1996,0,0,0,0,36,6,686,47.6459,15.418,67,0,0,0,0.419,0,1988,43.7,0,0
Zambia,1997,-100000,0,0,0,0,0,0,51.57535,16.46243,0,0,0,0,0.42,0,2006,43.5,0,0
Zambia,1998,200000,0,0,0,0,0,679,53.51455,15.81112,144,0,0,0,0.419,0,1935,43.4,0,0
Zambia,1999,200000,0,0,0,34,5,770,52.85704,16.07406,189,0,0,0,0.424,0,2001,43.6,0,0
Zambia,2000,400000,0,0,33.6,0,0,0,0,0,0,0,0,0,0.428,0,2034,44,0,0
Zambia,2001,400000,0,0,51.96,25,6,646,0,0,213,0,0,0,0.436,0,2094,44.6,0,0
Zambia,2002,400000,0,0,61.54,6,3,1104,0,0,195,0,0,0,0.445,0,2142,45.4,0,0
Zambia,2003,400000,0,0,47.78,10,3,1080,0,0,258,0,0,0,0.455,0,2248,46.3,0,0
Zambia,2004,0,0,0,42.84,27,1,1346,0,0,314,0,0,0,0.464,0,2261,47.4,0,0
Zambia,2005,400000,0,0,60.19,22,5,1525,0,0,240,0,0,0,0.475,0,2332,48.5,0,0
Zambia,2006,400000,0,0,67.37,9,4,1638,0,0,255,0,0,0,0.486,0,2409,49.8,0,0
Zambia,2007,1172724,0,0,69.27,20,19,1509,0,0,247,0,0,0,0.492,0,2490,51.1,0,0
Zambia,2008,1289996.4,0,0,92.07,17,26,1590,41.71683,64.521,358,9075537,2.695217092,0,0.507,0,2705,52.6,0,0
Zambia,2009,444400,0,0,76.52,9,9,1263,0,0,524,6210779,1.762954782,0,0.521,0,3031,54.1,0,0
Zambia,2010,548844,0,0,89.14,12,5,2558,0,0,378,4744232,1.09471649,13.6,0.531,0,3114,55.7,0,34.5
Zambia,2011,3733435,0,0,101.03,21,3,1546,0,0,470,15301948,2.234360599,14,0.541,0,3251,57.1,0,35
Zambia,2012,3770201,0,0,106.12,31,7,1915,0,0,633,54715143,4.695926314,14.5,0.552,0,3520,58.5,0,36.3
Zambia,2013,1770000,0,0,119.47,26,13,2358,0,0,398,40338876,2.428141176,14.9,0.559,0,3482,59.7,0,37.7
Zambia,2014,1885050,0,0,134.46,25,14,2117,0,0,527,21085881,1.886865111,15.4,0.565,0,3615,60.8,0,39
Zambia,2015,2007578.25,0,0,157.23,12,20,1876,0,0,682,53313918,7.664858648,15.9,0.57,0,3617,61.7,0,40.4
Zambia,2016,2138070.836,0,0,181.66,18,15,1946,0,0,793,256257250,31.06457203,16.4,0.58,0,3622,62.5,0,41.7
Zambia,2017,2287735.795,0,0,209.45,10,12,2075,0,0,1072,36265768,4.48993812,16.9,0.589,0,3553,63,0,44.3
Zambia,2018,35002237.7,0,0,213.07,0,0,0,0,0,0,25805507,1.998840409,17.4,0.591,0,3582,63.5,0,44.3
Zambia,2019,16903078.7,0,0,0,0,0,0,0,0,0,22478701,2.308944219,0,0,0,0,0,0,0
Zimbabwe,1960,0,0,0,0,0,0,0,0,0,0,0,0,0,0,0,0,0,0,0
Zimbabwe,1961,0,0,0,0,0,0,0,0,0,0,0,0,0,0,0,0,0,0,0
Zimbabwe,1962,0,0,0,0,0,0,0,0,0,0,0,0,0,0,0,0,0,0,0
Zimbabwe,1963,0,0,0,0,0,0,0,0,0,0,0,0,0,0,0,0,0,0,0
Zimbabwe,1964,0,0,0,0,0,0,0,0,0,0,0,0,0,0,0,0,0,0,0
Zimbabwe,1965,0,0,0,0,0,0,0,0,0,0,0,0,0,0,0,0,0,0,0
Zimbabwe,1966,0,0,0,0,0,0,0,0,0,0,0,0,0,0,0,0,0,0,0
Zimbabwe,1967,0,0,0,0,0,0,0,0,0,0,0,0,0,0,0,0,0,0,0
Zimbabwe,1968,0,0,0,0,0,0,0,0,0,0,0,0,0,0,0,0,0,0,0
Zimbabwe,1969,0,0,0,0,0,0,0,0,0,0,0,0,0,0,0,0,0,0,0
Zimbabwe,1970,0,0,0,0,0,0,0,0,0,0,0,0,0,0,0,0,0,0,0
Zimbabwe,1971,0,0,0,0,0,0,0,0,0,0,0,0,0,0,0,0,0,0,0
Zimbabwe,1972,0,0,0,0,0,0,0,0,0,0,0,0,0,0,0,0,0,0,0
Zimbabwe,1973,0,0,0,0,0,0,0,0,0,0,0,0,0,0,0,0,0,0,0
Zimbabwe,1974,0,0,0,0,0,0,0,0,0,0,0,0,0,0,0,0,0,0,0
Zimbabwe,1975,0,0,0,0,0,0,0,0,0,0,0,0,0,0,0,0,0,0,0
Zimbabwe,1976,0,0,0,0,0,0,0,0,0,0,0,0,0,0,0,0,0,0,0
Zimbabwe,1977,8902118.205,794831.9826,0,0,0,0,0,0,0,0,0,0,0,0,0,0,0,0,0
Zimbabwe,1978,7261152.314,1778241.383,0,0,0,0,0,0,0,0,0,0,0,0,0,0,0,0,0
Zimbabwe,1979,10286597.47,1028659.747,0,0,0,0,0,0,0,0,0,0,0,0,0,0,0,0,0
Zimbabwe,1980,13637268.57,2789441.299,0,0,281,39,1177,0,0,274,0,0,0,0,0,0,0,0,0
Zimbabwe,1981,13751426.95,2009772.484,0,0,274,35,931,0,0,177,0,0,0,0,0,0,0,0,0
Zimbabwe,1982,17038061.1,1451001.104,0,0,230,41,760,0,0,189,0,0,0,0,0,0,0,0,0
Zimbabwe,1983,13933188.02,984800.746,0,0,237,40,496,0,0,99,0,0,0,0,0,0,0,0,0
Zimbabwe,1984,7423387.866,624962.3282,0,0,191,34,546,0,0,142,0,0,0,0,0,0,0,0,0
Zimbabwe,1985,4826765.533,374333.4591,0,0,205,38,504,0,0,206,0,0,0,0,0,0,0,0,0
Zimbabwe,1986,6001100.438,595535.7388,0,0,206,47,600,0,0,245,0,0,0,0,0,0,0,0,0
Zimbabwe,1987,6248701.577,540451.3385,0,0,200,41,491,0,0,269,0,0,0,0,0,0,0,0,0
Zimbabwe,1988,5919010.858,553178.5848,0,0,144,38,546,0,0,286,0,0,0,0,0,0,0,0,0
Zimbabwe,1989,5323553.555,17770480.98,0,0,138,39,744,0,0,321,0,0,0,0,0,0,0,0,0
Zimbabwe,1990,8144433.633,774908.7384,0,0,159,44,735,0,0,372,0,0,0,0.498,0,2693,58.1,0,0
Zimbabwe,1991,39956823.33,1576115.643,0,0,128,60,830,0,0,425,0,0,0,0.5,0,2764,56.7,0,0
Zimbabwe,1992,5797814.26,993658.7598,0,0,161,42,955,0,0,303,0,0,0,0.485,0,2448,55.2,0,0
Zimbabwe,1993,5285226.265,824758.4682,0,0,136,44,914,0,0,315,0,0,0,0.48,0,2440,53.7,0,0
Zimbabwe,1994,6029681.367,603115.9023,0,0,0,0,1266,0,0,600,0,0,0,0.478,0,2611,52,0,0
Zimbabwe,1995,0,0,0,0,125,55,1418,0,0,508,0,0,0,0.472,0,2574,50.5,0,0
Zimbabwe,1996,0,0,0,0,122,28,1779,0,0,411,0,0,0,0.471,0,2833,49,0,0
Zimbabwe,1997,0,0,0,0,0,0,0,0,0,0,0,0,0,0.466,0,2851,47.7,0,0
Zimbabwe,1998,0,0,0,0,0,0,0,0,0,0,0,0,0,0.461,0,2871,46.5,0,0
Zimbabwe,1999,0,0,0,0,0,0,0,0,0,1,0,0,0,0.457,0,2854,45.5,0,0
Zimbabwe,2000,0,0,0,231.01,0,0,0,0,0,0,0,0,0,0.452,0,2747,44.6,0,0
Zimbabwe,2001,0,0,0,213.85,0,0,0,0,0,1,0,0,0,0.453,0,2792,44,0,0
Zimbabwe,2002,0,0,0,165.61,0,0,0,0,0,0,0,0,0,0.444,0,2554,43.5,0,0
Zimbabwe,2003,0,0,0,180.57,0,0,0,0,0,0,0,0,0,0.43,0,2124,43.2,0,0
Zimbabwe,2004,0,0,0,138.17,0,0,0,0,0,0,0,0,0,0.427,0,1973,43.1,0,0
Zimbabwe,2005,0,0,0,139.5,0,0,0,0,0,0,0,0,0,0.425,0,1853,43.2,0,0
Zimbabwe,2006,0,0,0,172.45,0,0,0,0,0,0,0,0,0,0.429,0,1759,43.9,0,0
Zimbabwe,2007,0,0,0,185.25,0,0,0,0,0,0,0,0,0,0.434,0,1662,44.9,0,0
Zimbabwe,2008,0,0,0,125.81,0,0,0,0,0,0,58986684,14.3631767,0,0.432,0,1308,46.5,0,0
Zimbabwe,2009,6037763.729,1718404.874,0,117.14,0,0,0,0,0,0,9071079,3.344684304,0,0.448,0,1399,48.4,0,0
Zimbabwe,2010,3783946.613,1811198.737,0,151.36,0,0,0,0,0,0,9513492,1.950865363,12.7,0.472,0,1689,50.6,1.8,52.7
Zimbabwe,2011,8847845.099,1894513.879,0,147.07,0,0,0,0,0,0,8996039,2.781032967,12.9,0.49,83.6,1861,52.9,1.9,54
Zimbabwe,2012,9305786.893,1981661.517,0,202.94,0,0,1451,99.5185,0,426,20209903,6.221125172,13.1,0.516,0,2158,55,7.3,55.2
Zimbabwe,2013,17830152.8,2072817.947,0,223.58,0,0,1251,0,0,323,19021957,2.952922421,13.3,0.527,0,2239,56.9,7.4,56.5
Zimbabwe,2014,18668169.98,2168167.573,0,273,0,0,1682,0,0,310,12207057,1.472166184,13.6,0.537,0,2259,58.4,7.5,57.7
Zimbabwe,2015,19545573.97,2267903.281,0,268.98,19,9,1690,0,0,285,11830010,3.28246909,13.8,0.544,0,2226,59.5,0,57.7
Zimbabwe,2016,10372933.18,2372226.832,0,313.8,5,8,1866,0,0,155,13735165,5.168141789,14,0.549,0,2246,60.3,0,58.7
Zimbabwe,2017,4322232.37,0,0,340.45,0,0,0,0,0,0,11206210,2.591661254,14.2,0.553,0,2318,60.8,0,58.7
Zimbabwe,2018,0,0,0,359.33,0,0,0,0,0,0,9719357,2.051149029,14.4,0.563,0,2661,61.2,0,58.7
Zimbabwe,2019,0,0,0,0,0,0,0,0,0,0,27012994,4.784246897,0,0,0,0,0,0,0
